date,extraction_run,official_dau,ccu,g,interval_id,r_h2.2,r_h2.128,q,event_flag
2023-08-11,1,89820.9,3933.3850224114644,0.0,1,-0.5222753859074754,-0.5061117711449463,1.0509941510035543,False
2023-08-14,1,89820.9,4077.1005103479224,0.0,1,-0.5048205917232356,-0.4880664012176308,1.0893946982088818,False
2023-08-16,1,89820.9,3662.1789139369785,0.0,1,-0.5552144022438619,-0.5401652654776767,0.9785283150635039,False
2023-08-19,1,88157.6,3081.7726485899902,0.0,1,-0.618645040420587,-0.6057420530663962,0.8389809110747088,False
2023-08-22,1,86494.2,3578.9852797331755,0.0,1,-0.5486000705375925,-0.5333271405933757,0.9930798448172966,False
2023-08-24,1,86494.2,4806.138711160411,1.0,1,-0.3938252030569688,-0.3733155294761895,1.3335845532746688,True
2023-08-27,1,86494.2,3356.5701404475712,0.36787944117144233,1,-0.5766522055249648,-0.5623284079675388,0.9313651478450776,True
2023-08-30,1,86494.2,3938.2471042471043,0.1353352832366127,1,-0.5032881316585889,-0.48648209100042084,1.0927661103511046,True
2023-09-01,1,89820.9,3379.857699468804,0.0,1,-0.5895033905995593,-0.5756144075747324,0.9030925406809696,False
2023-09-04,1,91484.2,3375.7443772547076,0.0,1,-0.5974572407331094,-0.5838373729383649,0.8855940703871595,False
2023-09-07,1,91484.2,4067.6814721400942,1.0,1,-0.5149467671051283,-0.49853519155605364,1.0671171123687178,True
2023-09-09,1,93147.6,3740.5191422526336,0.513417119032592,1,-0.5619246940336764,-0.5471025972152669,0.9637656731259121,True
2023-09-12,1,96474.3,3508.5872552635383,0.18887560283756183,1,-0.6032570608944798,-0.5898334276164734,0.8728344660321445,True
2023-09-15,1,99800.9,6983.654674777379,1.0,1,-0.23662688688334343,-0.21079847328165202,1.6794208488566447,True
2023-09-17,1,101464.3,6652.0932337818185,0.513417119032592,1,-0.2847899229278241,-0.26059108573365275,1.573462169558787,True
2023-09-20,1,103127.6,5328.360381118446,0.18887560283756183,1,-0.4363529472806562,-0.41728218233902425,1.2400235159825566,True
2023-09-23,1,104790.9,5860.9968408115565,1.0,1,-0.3898501935348595,-0.3692060271507007,1.342329574223309,True
2023-09-25,1,113107.6,4909.492931652503,0.513417119032592,1,-0.5264853581108927,-0.5104641860169004,1.0417322121560362,True
2023-09-28,1,114771.0,3868.806766850698,0.18887560283756183,1,-0.632266297851545,-0.6198241801096799,0.8090141447266013,True
2023-10-01,1,114771.0,4268.206044006535,0.0,1,-0.5943030229518035,-0.5805764335028044,0.8925333495060324,False
2023-10-03,1,118097.6,4567.07183746773,0.0,1,-0.5781235023973026,-0.5638494855611211,0.9281282947259344,False
2023-10-06,1,118097.6,3573.99860392667,0.0,1,-0.6698571717020496,-0.6586869256318182,0.726314222255491,False
2023-10-09,1,119761.0,3695.223327560514,0.0,1,-0.6634002120076564,-0.6520114973763365,0.7405195335831559,False
2023-10-11,1,119761.0,3428.8646469049695,0.0,1,-0.6876629608298677,-0.6770951662714798,0.687141486174291,False
2023-10-14,1,119761.0,3693.0260706134045,0.0,1,-0.6636003612698256,-0.6522184186060228,0.7400792052063836,False
2023-10-17,1,119761.0,3069.856709908119,0.0,1,-0.7203651779271183,-0.7109038493607427,0.6151966085603398,False
2023-10-19,1,119761.0,3200.495257215401,0.0,1,-0.7084652456552876,-0.6986012878015191,0.6413764595583673,False
2023-10-22,1,118097.6,3563.1126498476488,0.0,1,-0.6708627455890738,-0.6597265226954709,0.7241019597040378,False
2023-10-25,1,118097.6,3458.181622867107,0.0,1,-0.6805555938138895,-0.6697473244316527,0.7027776936094431,False
2023-10-27,1,116434.3,3843.0869273147823,0.7165313105737893,1,-0.639929259147727,-0.6277464145324245,0.7921556298750005,True
2023-10-30,1,116434.3,3469.3417259771118,0.26359713811572677,1,-0.6749466069415399,-0.6639485598079828,0.7151174647286124,True
2023-11-02,1,116434.3,3150.39116479753,0.0,1,-0.7048300748493094,-0.6948431224945868,0.6493738353315194,False
2023-11-04,1,116434.3,3517.1258052829257,0.0,1,-0.6704695682583139,-0.6593200423723169,0.7249669498317095,False
2023-11-07,1,114771.0,3203.1101133685042,0.0,1,-0.6955413874710031,-0.6852401562200221,0.6698089475637932,False
2023-11-10,1,108117.6,3248.9254615786153,0.0,1,-0.6721826676024879,-0.6610911037243765,0.7211981312745266,False
2023-11-12,1,104790.9,3425.756793842671,0.0,1,-0.6433670070925481,-0.6313004772573336,0.7845925843963942,False
2023-11-15,1,103127.6,3893.0500996388096,0.0,1,-0.5881835953653028,-0.5742499576145048,0.9059960901963338,False
2023-11-18,1,103127.6,5254.140925421405,0.513417119032592,1,-0.44420406365902887,-0.4253989379933568,1.2227510599501366,True
2023-11-20,1,103127.6,4289.254500785371,0.26359713811572677,1,-0.546272120350954,-0.5309204251748585,0.9982013352279012,True
2023-11-23,1,103127.6,7538.738828412,0.0,1,-0.2025336842994505,-0.1755517412870259,1.754425894541209,False
2023-11-25,1,103127.6,5170.588299389427,0.7165313105737893,1,-0.4530424657267208,-0.4345363837400309,1.2033065754012142,True
2023-11-28,1,104790.9,4465.246123502719,0.26359713811572677,1,-0.5351526144659801,-0.5194246954065584,1.0226642481748438,True
2023-12-01,1,104790.9,7341.235131360239,0.7165313105737893,1,-0.23575232741563645,-0.2098943234560151,1.6813448796856,True
2023-12-03,1,108117.6,6279.706246390545,0.36787944117144233,1,-0.36637618367166425,-0.3449377838710814,1.393972395922339,True
2023-12-06,1,109781.0,5159.787769336156,0.1353352832366127,1,-0.4872647011112713,-0.4699165143067655,1.1280176575552032,True
2023-12-09,1,113107.6,4841.654803221431,0.0,1,-0.5330282633635649,-0.517228467763084,1.0273378206001573,False
2023-12-11,1,111444.3,4607.485486441546,0.0,1,-0.5489811678667481,-0.5337211321930666,0.9922414306931542,False
2023-12-14,1,109781.0,7050.802051481039,1.0,1,-0.29935197746776465,-0.27564584136704995,1.541425649570918,True
2023-12-17,1,109781.0,6506.597771495064,0.36787944117144233,1,-0.3534303149167163,-0.33155389700036464,1.4224533071832242,True
2023-12-19,1,108117.6,6289.309221814217,0.18887560283756183,1,-0.36540724122478596,-0.3439360576572035,1.396104069305471,True
2023-12-22,1,104790.9,6606.208637273249,1.0,1,-0.3122710980778346,-0.28900207508046805,1.5130035842287641,True
2023-12-25,1,101464.3,6624.196360246946,0.36787944117144233,1,-0.2877892983679675,-0.2636919438014702,1.5668635435904716,True
2023-12-27,1,101464.3,5836.521297795492,0.18887560283756183,1,-0.37247739913943856,-0.35124543144114884,1.3805497218932354,True
2023-12-30,1,101464.3,8174.964831234007,1.0,1,-0.12105603130802856,-0.09131732560040551,1.9336767311223373,True
2024-01-02,1,101464.3,7420.706043647677,0.36787944117144233,1,-0.2021513296815448,-0.1751564498587399,1.7552670747006016,True
2024-01-04,1,109781.0,5743.470655470123,0.18887560283756183,1,-0.42926331957060393,-0.4099526800072033,1.2556206969446713,True
2024-01-07,1,111444.3,7062.125900226308,0.0,1,-0.3087006382828529,-0.2853108102548291,1.5208585957777239,False
2024-01-10,1,114771.0,6992.098766969735,0.0,1,-0.33539447165037084,-0.31290781843553384,1.4621321623691843,False
2024-01-12,1,114771.0,9042.451242981728,0.7165313105737893,1,-0.14050655086468045,-0.11142594544280882,1.8908855880977031,True
2024-01-15,1,114771.0,7976.990040448093,0.26359713811572677,1,-0.24177963481923992,-0.21612556231312408,1.668084803397672,True
2024-01-18,1,116434.3,6120.407596890724,0.0,1,-0.4265600181804543,-0.4071579135324246,1.2615679600030005,False
2024-01-20,1,114771.0,6453.780734975271,0.0,1,-0.3865621041449079,-0.36580668661597626,1.3495633708812027,False
2024-01-23,1,114771.0,6973.175745233553,0.0,1,-0.3371931225673682,-0.3147673259625048,1.45817513035179,False
2024-01-26,1,118097.6,5644.533924493587,0.0,1,-0.4785945377234744,-0.4609529995261483,1.1470920170083565,False
2024-01-28,1,119761.0,5629.55519463365,0.0,1,-0.48720093021932465,-0.46985058575306127,1.1281579535174857,False
2024-01-31,1,119761.0,7029.966527587496,0.0,1,-0.35963674370355847,-0.3379703177386413,1.4087991638521715,False
2024-02-03,1,119761.0,6843.399822682281,0.513417119032592,1,-0.37663120053358257,-0.3555397749877264,1.3714113588261183,True
2024-02-05,1,118097.6,7321.808599391265,0.26359713811572677,1,-0.32365877350832806,-0.3007750477999632,1.4879506982816784,True
2024-02-08,1,118097.6,8399.75838580834,0.0,1,-0.2240847583254707,-0.1978319869906182,1.7070135316839645,False
2024-02-11,1,116434.3,5750.6318380750745,0.0,1,-0.46120545658561496,-0.4429755660189628,1.1853479955116473,False
2024-02-13,1,114771.0,6102.0001924217895,0.0,1,-0.4199991737771779,-0.4003750856718945,1.2760018176902086,False
2024-02-16,1,116434.3,5984.054762057111,0.0,1,-0.43933533843326766,-0.4203654814629646,1.2334622554468113,False
2024-02-19,1,116434.3,7187.028417231003,0.0,1,-0.32662500337277967,-0.3038416388252422,1.4814249925798848,False
2024-02-21,1,116434.3,6861.393915805206,0.0,1,-0.35713471038515066,-0.3353836291575806,1.4143036371526685,False
2024-02-24,1,116434.3,10903.177946509735,0.513417119032592,1,0.021552578720100746,0.05611638777454031,2.247415673184222,True
2024-02-27,1,116434.3,9825.552843833684,0.18887560283756183,1,-0.07941346145029116,-0.04826579661214314,2.0252903848093595,True
2024-02-29,1,114771.0,6928.239733105016,0.0,1,-0.34146433255423103,-0.31918305057298324,1.448778468380692,False
2024-03-03,1,114771.0,7551.519727918118,0.0,1,-0.2822209860186615,-0.2579352299065111,1.5791138307589447,False
2024-03-06,1,114771.0,7291.376229916553,0.0,1,-0.306947868847146,-0.2834987365900946,1.5247146885362788,False
2024-03-08,1,116434.3,7021.579874717986,0.0,1,-0.3421263907736667,-0.31986750925849006,1.4473219402979334,False
2024-03-11,1,116434.3,6797.663446545802,0.0,1,-0.3631058158311392,-0.34155676448708006,1.4011672051714936,False
2024-03-13,1,118097.6,6670.833572051314,0.0,1,-0.383791627628983,-0.3629424721728207,1.3556584192162375,False
2024-03-16,1,118097.6,7027.215599952632,0.0,1,-0.3508713655682667,-0.3289083666589223,1.4280829957498133,False
2024-03-19,1,118097.6,6778.324070362235,0.0,1,-0.37386235203034834,-0.35267724364039765,1.3775028255332338,False
2024-03-21,1,118097.6,5818.2413780014085,0.0,1,-0.4625485689493122,-0.4443641220340633,1.1823931483115133,False
2024-03-24,1,118097.6,6088.425498768798,0.0,1,-0.4375907109094852,-0.4185618251883776,1.2373004359991326,False
2024-03-27,1,121424.3,5854.844407771827,0.0,1,-0.47398477979312725,-0.45618727234251877,1.1572334844551202,False
2024-03-29,1,131404.3,7763.830216412711,0.7165313105737893,1,-0.355452373829523,-0.33364437144029624,1.4180047775750495,True
2024-04-01,1,131404.3,6248.559000707698,0.26359713811572677,1,-0.4812491053219832,-0.46369738332159915,1.141251968291637,True
2024-04-04,1,126414.3,11098.441886653985,0.0,1,-0.04224512977747974,-0.00983988980754491,2.1070607144895446,False
2024-04-06,1,124751.0,6981.481530966707,0.7165313105737893,1,-0.38949093232555254,-0.36883461048694355,1.3431199488837844,True
2024-04-09,1,124751.0,6687.812324615558,0.26359713811572677,1,-0.4151714003721836,-0.3953839665501899,1.286622919181196,True
2024-04-12,1,123087.7,11877.81142901754,0.7165313105737893,1,0.05271383477139735,0.08833197203809884,2.315970436497074,True
2024-04-14,1,121424.3,9854.010854875636,0.36787944117144233,1,-0.11468873829203108,-0.08473459785830284,1.9476847757575317,True
2024-04-17,1,121424.3,7845.955691866982,0.1353352832366127,1,-0.29509790123331037,-0.2712478302224073,1.5507846172867175,True
2024-04-20,1,124751.0,8392.201658917149,0.0,1,-0.26612779998115677,-0.24129753757450412,1.6145188400414554,False
2024-04-22,1,123087.7,7238.194967865917,0.0,1,-0.35848889107381454,-0.33678362798984585,1.4113244396376081,False
2024-04-25,1,121424.3,6148.928387959358,0.0,1,-0.4475634714160308,-0.42887200992258834,1.2153603628847323,False
2024-04-28,1,121424.3,6432.3238641738535,0.0,1,-0.422102447442666,-0.40254952273207956,1.2713746156261347,False
2024-04-30,1,128077.7,8613.701136892068,0.0,1,-0.2663231088152326,-0.24149945460221411,1.6140891606064884,False
2024-05-03,1,126414.3,15736.249032498758,0.7165313105737893,1,0.3579806340233882,0.4039273472046305,2.987557394851454,True
2024-05-06,1,124751.0,13023.759083560122,0.26359713811572677,1,0.13888763874162025,0.1774214310298705,2.5055528052315648,True
2024-05-08,1,126414.3,10219.40920413501,0.1353352832366127,1,-0.11810242951067085,-0.0882637899076485,1.9401746550765242,True
2024-05-11,1,133067.7,9454.63926151324,0.0,1,-0.22489440174807218,-0.19866902436360834,1.7052323161542413,False
2024-05-14,1,128077.7,9381.793868159006,0.0,1,-0.20090037377234093,-0.17386316837366078,1.7580191777008498,False
2024-05-16,1,119761.0,9233.02798432709,1.0,1,-0.15895874577529745,-0.13050246273761967,1.8502907592943456,True
2024-05-19,1,119761.0,9012.579055496994,0.36787944117144233,1,-0.17903955175904196,-0.15126269448773133,1.8061129861301077,True
2024-05-22,1,121424.3,7888.709615145099,0.1353352832366127,1,-0.29125677193908106,-0.26727673790694473,1.5592351017340218,True
2024-05-24,1,124751.0,7026.9977604237865,0.0,1,-0.385510678179403,-0.36471968608772865,1.3518765080053137,False
2024-05-27,1,126414.3,6895.004689217102,0.0,1,-0.40498635855850584,-0.3848543180586057,1.3090300111712871,False
2024-05-30,1,138057.7,6333.1572816189155,0.0,1,-0.49956439570736155,-0.48263236398317455,1.1009583294438048,False
2024-06-01,1,144711.1,6940.144968614045,0.0,1,-0.47681503087959054,-0.4591132838040879,1.1510069320649008,False
2024-06-04,1,153027.7,6798.437791639274,0.0,1,-0.5153506462634407,-0.49895273579866994,1.0662285782204306,False
2024-06-07,1,151364.4,6721.790198997001,0.0,1,-0.5155490964011712,-0.4991579004147446,1.0657919879174234,False
2024-06-09,1,151364.4,7248.3193939219445,0.0,1,-0.47760123776514685,-0.45992609167449383,1.149277276916677,False
2024-06-12,1,149701.1,7144.7913501058665,0.0,1,-0.4793413116884828,-0.4617250402794465,1.145449114285338,False
2024-06-15,1,149701.1,11568.960450785597,0.513417119032592,1,-0.1569411228020543,-0.12841657432543208,1.8547295298354807,True
2024-06-17,1,148037.7,10703.792799894132,0.26359713811572677,1,-0.21122356854964786,-0.18453564417726753,1.735308149190775,True
2024-06-20,1,148037.7,7245.822595815214,0.0,1,-0.4660458963568521,-0.4479797800681742,1.1746990280149254,False
2024-06-23,1,148037.7,8189.461370252349,0.0,1,-0.39650792612577024,-0.37608902137062716,1.3276825625233057,False
2024-06-25,1,148037.7,8309.48110257685,0.0,1,-0.38766351574373414,-0.3669453640207778,1.347140265363785,False
2024-06-28,1,141384.4,7867.6730257738955,0.7165313105737893,1,-0.3929375498204203,-0.3723978428594571,1.3355373903950754,True
2024-07-01,1,138057.7,8306.452707950955,0.26359713811572677,2,-0.34363785777177724,-0.3214301161174389,1.44399671290209,True
2024-07-02,1,138057.7,8381.136234626301,0.18887560283756183,2,-0.3377364891272694,-0.3153290771052597,1.4569797239200075,True
2024-07-03,1,138057.7,8685.15412878316,0.1353352832366127,2,-0.3137134984114488,-0.29049327843288875,1.5098303034948128,True
2024-07-05,1,134731.0,9660.993194393997,0.0,2,-0.2177549856398846,-0.1912880490637906,1.720939031592254,False
2024-07-06,1,133067.7,8864.493871329483,0.0,2,-0.2732754116482623,-0.24868698572658687,1.598794094373823,False
2024-07-08,1,133067.7,9656.750458852839,0.0,2,-0.208325020707272,-0.18153902516729237,1.7416849544440018,False
2024-07-09,1,129741.0,9552.760499013839,0.0,2,-0.1967694659628444,-0.16959249300669998,1.7671071748817424,False
2024-07-11,1,128077.7,7635.8636844835655,0.0,2,-0.3496109697202785,-0.3276053258386338,1.4308558666153872,False
2024-07-12,1,136394.4,6889.74465587683,0.0,2,-0.4489447455952472,-0.43030001894245495,1.212321559690456,False
2024-07-14,1,138057.7,6833.199473551345,0.0,2,-0.4600518894858906,-0.4417829684534583,1.1878858431310408,False
2024-07-15,1,136394.4,7523.978872631657,0.0,2,-0.3982174523322213,-0.3778563886893265,1.3239216048691131,False
2024-07-17,1,138057.7,7671.275376759248,0.0,2,-0.3938285189907029,-0.37331895760317035,1.3335772582204537,False
2024-07-18,1,138057.7,6267.636545380161,0.0,2,-0.5047417358199315,-0.487984877257448,1.0895681811961508,False
2024-07-19,1,139721.0,6335.314351983203,0.0,2,-0.5053533813567529,-0.48861721756807164,1.0882225610151437,False
2024-07-21,1,138057.7,6478.109149508847,0.0,2,-0.48811053906442314,-0.4707909708372796,1.1261568140582692,False
2024-07-22,1,138057.7,7338.032139836481,0.0,2,-0.42016084791136576,-0.4005422299835548,1.2756461345949957,False
2024-07-24,1,139721.0,7637.072238136754,0.0,2,-0.4037151514437469,-0.38354010017680606,1.3118266668237568,False
2024-07-25,1,144711.1,8025.904773151916,1.0,2,-0.39496469311600224,-0.3744935737101527,1.3310776751447952,True
2024-07-27,1,144711.1,7457.291748685653,0.513417119032592,2,-0.4378297613519261,-0.4188089638036828,1.236774525025763,True
2024-07-28,1,144711.1,7763.149491244307,0.36787944117144233,2,-0.41477258108847925,-0.39497165338094653,1.2875003216053458,True
2024-07-30,1,144711.1,8376.107804307043,0.18887560283756183,2,-0.368564529593574,-0.3472001715723039,1.3891580348941375,True
2024-07-31,1,144711.1,8173.328590110848,0.1353352832366127,2,-0.3838511032022349,-0.36300396007749836,1.3555275729550833,True
2024-08-02,1,143047.7,6648.648741968689,0.0,2,-0.4929613440219639,-0.4758059007745866,1.1154850431516796,False
2024-08-03,1,141384.4,6200.4843528993815,0.0,2,-0.5215763020094503,-0.5053890340323264,1.0525321355792094,False
2024-08-05,1,141384.4,7646.279408295599,0.0,2,-0.41002007872575374,-0.39005835206609885,1.2979558268033418,False
2024-08-06,1,143047.7,7763.896412937159,0.0,2,-0.4079104258404975,-0.38787731994788277,1.3025970631509056,False
2024-08-07,1,144711.1,7864.278801843318,0.0,2,-0.40714891681601983,-0.38709004558047155,1.3042723830047565,False
2024-08-09,1,156354.4,13198.872560281996,0.7165313105737893,2,-0.07909402832525492,-0.047935555599417645,2.025993137684439,True
2024-08-10,1,166334.4,11678.018615290493,0.513417119032592,2,-0.23409368890464066,-0.20817956559690298,1.6849938844097905,True
2024-08-12,1,161344.4,12571.995880393319,0.26359713811572677,2,-0.14996091610290085,-0.12120019521916447,1.870085984573618,True
2024-08-13,1,153027.7,12004.120279653001,0.18887560283756183,2,-0.14424617625177427,-0.11529209950841313,1.882658412246097,True
2024-08-15,1,148037.7,8966.320046225806,0.0,2,-0.33926019855562806,-0.31690434061202144,1.4536275631776185,False
2024-08-16,1,148037.7,8985.563443070818,0.0,2,-0.3378421275805862,-0.3154382897919594,1.4567473193227105,False
2024-08-18,1,146374.4,9312.727037137502,0.0,2,-0.30593474091315254,-0.2824513298914172,1.5269435699910643,False
2024-08-19,1,146374.4,10514.10217315006,0.0,2,-0.2163978370919758,-0.18988498195599002,1.7239247583976534,False
2024-08-21,1,148037.7,9861.497789263918,0.0,2,-0.27329338484129995,-0.24870556703517854,1.5987545533491403,False
2024-08-22,1,148037.7,13540.43826788192,1.0,2,-0.0021874697238792873,0.031573104608771274,2.1951875666074656,True
2024-08-24,1,148037.7,8773.905234684287,0.513417119032592,2,-0.3534394966085026,-0.33156338935089547,1.4224331074612946,True
2024-08-25,1,143047.7,10078.867478409711,0.36787944117144233,2,-0.23136630940132996,-0.20535990633596135,1.6909941193170743,True
2024-08-26,1,141384.4,10487.894915507788,0.26359713811572677,2,-0.19076362683388837,-0.16338344879443345,1.7803200209654455,True
2024-08-28,1,139721.0,11438.506787893884,0.1353352832366127,2,-0.10690797794613682,-0.07669057870371287,1.9648024485184992,True
2024-08-29,1,138057.7,8890.778491503477,0.0,2,-0.2974654016661038,-0.27369543405330277,1.5455761163345718,False
2024-08-31,1,136394.4,9868.004885039865,0.0,2,-0.21073766677918537,-0.1840333021213384,1.736377133085792,False
2024-09-01,1,134731.0,9867.237715083524,0.0,2,-0.20105548644739057,-0.17402352922192643,1.7576779298157408,False
2024-09-03,1,134731.0,10470.449032278757,0.0,2,-0.15221381603245066,-0.1235293210861802,1.8651296047286086,False
2024-09-04,1,134731.0,11203.970980196787,0.0,2,-0.0928209694444252,-0.06212694209480063,1.9957938672222646,False
2024-09-06,1,133067.7,13773.168445096893,0.7165313105737893,2,0.12914513945746608,0.1673492983112903,2.484119306806426,True
2024-09-07,1,134731.0,13058.835698134753,0.513417119032592,2,0.057366350712409586,0.0931419039320025,2.3262059715673016,True
2024-09-09,1,134731.0,10749.967491930518,0.26359713811572677,2,-0.1295813685102759,-0.10013111406137554,1.914920989277393,True
2024-09-10,1,134731.0,10070.6888218976,0.18887560283756183,2,-0.18458216835586072,-0.15699284322504403,1.7939192296171065,True
2024-09-12,1,134731.0,9043.403265330224,0.0,2,-0.2677608839164187,-0.2429858762293804,1.6109260553838787,False
2024-09-13,1,144711.1,9061.41384295203,0.0,2,-0.3169025224902686,-0.29379020182264604,1.5028144505214092,False
2024-09-14,1,148037.7,9548.745903465047,0.0,2,-0.2963404786165308,-0.2725324496975413,1.5480509470436323,False
2024-09-16,1,148037.7,12654.361547269034,0.0,2,-0.06748361724302554,-0.035932311059518884,2.051536042065344,False
2024-09-17,1,143047.7,11682.300739220373,0.0,2,-0.1090854254105802,-0.07894169920266736,1.9600120640967238,False
2024-09-19,1,141384.4,8598.633091097736,0.0,2,-0.33653734015419956,-0.31408935542257477,1.459617851660761,False
2024-09-20,1,139721.0,8549.423643753844,0.0,2,-0.3324808743850821,-0.3098956408116451,1.4685420763528194,False
2024-09-22,1,138057.7,8896.589665981679,0.0,2,-0.29700621227883095,-0.2732207081830019,1.546586332986572,False
2024-09-23,1,138057.7,8325.172177695436,0.0,2,-0.342158676261347,-0.3199008871122948,1.4472509122250368,False
2024-09-25,1,141384.4,8337.015039232781,0.0,2,-0.356723549603432,-0.3349585569208413,1.4152081908724496,False
2024-09-26,1,141384.4,7362.9890888539285,0.0,2,-0.4318785005067607,-0.4126563445088691,1.2498672988851265,False
2024-09-28,1,139721.0,8791.495261217335,0.0,2,-0.31358048517072,-0.29035576474416547,1.5101229326244159,False
2024-09-29,1,139721.0,8603.563839837727,0.0,2,-0.3282537337196483,-0.30552547658986196,1.4778417858167738,False
2024-10-01,1,141384.4,11907.32299600725,0.0,2,-0.08124185520218774,-0.0501560533105323,2.021267918555187,False
2024-10-02,1,141384.4,10839.95186200025,0.0,2,-0.163599235044814,-0.13529996104257092,1.840081682901409,False
2024-10-03,1,139721.0,11204.81672901808,1.0,2,-0.12515395454827205,-0.09555390037885259,1.9246612999938015,True
2024-10-05,1,139721.0,9887.353914226218,0.513417119032592,2,-0.22801838878443714,-0.20189871020947447,1.6983595446742383,True
2024-10-06,1,139721.0,10226.39784226691,0.36787944117144233,2,-0.20154662696501724,-0.17453128727586364,1.7565974206769621,True
2024-10-08,1,139721.0,9858.237640908874,0.18887560283756183,2,-0.23029171972647777,-0.20424895836383983,1.693358216601749,True
2024-10-09,1,136394.4,9811.414621995267,0.1353352832366127,2,-0.21526386671204834,-0.1887126441571929,1.7264194932334935,True
2024-10-11,1,134731.0,12851.22489415977,0.7165313105737893,2,0.04055622435490802,0.0757630139007508,2.289223693580798,True
2024-10-12,1,136394.4,12123.925787903258,0.513417119032592,2,-0.030304700227368087,0.002504539238623149,2.13332965949979,True
2024-10-14,1,134731.0,11522.457610052761,0.26359713811572677,2,-0.0670332917872507,-0.03546674902817282,2.0525267580680486,True
2024-10-15,1,134731.0,10804.839648509535,0.18887560283756183,2,-0.1251384018248186,-0.09553782143543277,1.9246955159853991,True
2024-10-17,1,138057.7,17129.432949383583,0.0,2,0.35353943507680263,0.3993358821282733,2.977786757168966,False
2024-10-18,1,141384.4,13862.563559242608,0.0,2,0.06962271722218594,0.10581295953421499,2.3531699778888093,False
2024-10-19,1,143047.7,14394.79821331974,1.0,2,0.09777481446485625,0.13491757134524618,2.415104591822684,True
2024-10-21,1,141384.4,12387.297112247774,0.513417119032592,2,-0.04420749166506166,-0.011868647398090015,2.1027435183368643,True
2024-10-22,1,141384.4,12446.622147747865,0.36787944117144233,2,-0.039630026220107806,-0.007136305302743007,2.112813942315763,True
2024-10-24,1,141384.4,24413.797154751006,1.0,2,0.8837462449696267,0.9474820201753662,4.144241738933179,True
2024-10-25,1,141384.4,18850.630332383316,0.7165313105737893,2,0.45449738436232145,0.5037097018783399,3.199894245597107,True
2024-10-27,1,138057.7,18449.435088431586,0.36787944117144233,2,0.45784381893274917,0.5071693616785942,3.2072564016520486,True
2024-10-28,1,141384.4,15543.399711167242,0.26359713811572677,2,0.19931449640455967,0.23989280643328525,2.6384918920900313,True
2024-10-30,1,156354.4,14217.511800971479,0.1353352832366127,2,-0.008021976114067297,0.025541190107637224,2.182351652549052,True
2024-10-31,1,159681.1,13034.0015183659,0.0,2,-0.10954328675665104,-0.07941505209804145,1.9590047691353678,False
2024-11-02,1,154691.1,14002.540621632772,0.0,2,-0.012515984438469685,0.02089512887000322,2.1724648342353667,False
2024-11-03,1,151364.4,13474.10074869572,0.0,2,-0.028898538984255984,0.00395827736590082,2.136423214234637,False
2024-11-05,1,151364.4,12837.582605070316,0.0,2,-0.07477348906561798,-0.04346883268062007,2.0354983240556406,False
2024-11-06,1,151364.4,12672.262859633827,0.0,2,-0.08668836556256454,-0.055786844096636146,2.0092855957623583,False
2024-11-07,1,151364.4,9875.902031657928,0.0,2,-0.28822686792513996,-0.2641443183436597,1.5659008905646923,False
2024-11-09,1,156354.4,12763.323252379549,0.0,2,-0.10948298441027327,-0.07935270944671113,1.9591374342973988,False
2024-11-10,1,163007.8,12568.569549848089,0.0,2,-0.15886437448683677,-0.13040489843563963,1.850498376128959,False
2024-11-12,1,164671.1,11908.580103587065,0.0,2,-0.21108328693849443,-0.18439061619581187,1.7356167687353123,False
2024-11-13,1,163007.8,12327.788392078715,0.0,2,-0.17497834902855958,-0.14706408264230797,1.815047632137169,False
2024-11-15,1,163007.8,12934.299141648718,0.7165313105737893,2,-0.1343883839814881,-0.10510077291319264,1.9043455552407262,True
2024-11-16,1,161344.4,13410.63622879571,0.513417119032592,2,-0.09325734411184716,-0.06257808131863896,1.9948338429539363,True
2024-11-18,1,163007.8,12898.962618596917,0.26359713811572677,2,-0.13675323610748014,-0.10754563883292123,1.8991428805635437,True
2024-11-19,1,159681.1,12696.786556131041,0.18887560283756183,2,-0.13258113330784416,-0.10323237466036528,1.908321506722743,True
2024-11-21,1,169661.1,9834.277093341543,0.0,2,-0.36766281229785036,-0.3462679450447701,1.3911418129447293,False
2024-11-22,1,179641.1,13366.827017161824,0.0,2,-0.1882707738022601,-0.16080625111135916,1.785804297635028,False
2024-11-24,1,181304.5,15456.094878308291,0.7165313105737893,2,-0.07000684413790326,-0.03854091029294504,2.045984942896613,True
2024-11-25,1,171324.5,14873.242694314828,0.513417119032592,2,-0.052945978740620014,-0.02090279757018987,2.083518846770636,True
2024-11-26,1,171324.5,15182.088241425206,0.36787944117144233,2,-0.03328023245042189,-0.0005716688867143382,2.126783488609072,True
2024-11-28,1,169661.1,16178.226025635076,0.18887560283756183,2,0.04024869850232915,0.07544508303812236,2.2885471367051244,True
2024-11-29,1,167997.8,15107.774290625852,0.1353352832366127,2,-0.018962848498826568,0.014230137830160583,2.158281733302582,True
2024-12-01,1,166334.4,15213.94159142544,0.0,2,-0.002189132816426742,0.0315713852461752,2.195183907803861,False
2024-12-02,1,166334.4,14208.077536060942,0.0,2,-0.0681590249262859,-0.036630570882438485,2.0500501451621713,False
2024-12-04,1,164671.1,13253.716216216217,0.0,2,-0.12197103750448568,-0.09226329065313366,1.9316637174901317,False
2024-12-05,1,161344.4,13972.875127057701,0.0,2,-0.05524229522408186,-0.02327680897226514,2.07846695050702,False
2024-12-07,1,156354.4,14932.173523904354,0.0,2,0.04184108949024101,0.07709135191660255,2.29205039687853,False
2024-12-08,1,158017.8,14674.69267525775,0.0,2,0.01309824878815724,0.04737600908550088,2.228816147333946,False
2024-12-10,1,159681.1,14215.372512547507,0.0,2,-0.028834401529218012,0.004024584885206961,2.1365643166357207,False
2024-12-11,1,161344.4,14331.115082824761,0.0,2,-0.03102036843436029,0.0017646566938005481,2.1317551894444073,False
2024-12-13,1,164671.1,15782.301060998065,0.7165313105737893,2,0.045542035178424145,0.08091751757167898,2.300192477392533,True
2024-12-14,1,174651.1,16089.597269778904,0.513417119032592,2,0.004991547758238735,0.038995021178630296,2.2109814050681256,True
2024-12-15,1,177977.8,15836.621471981342,0.36787944117144233,2,-0.02929947818938361,0.0035437725485696348,2.1355411479833566,True
2024-12-17,1,176314.5,14361.19699180604,0.18887560283756183,2,-0.11143097393024981,-0.08136660838653642,1.9548518573534506,True
2024-12-18,1,169661.1,14119.788547764354,0.1353352832366127,2,-0.09210740184578547,-0.06138923123154505,1.9973637159392723,True
2024-12-20,1,179641.1,12865.67258937524,0.0,2,-0.21870445079609557,-0.19226963898092597,1.7188502082485897,False
2024-12-21,1,184631.2,13039.4866689484,0.0,2,-0.2295508804609564,-0.20348305310813164,1.694988062985896,False
2024-12-23,1,187957.8,12880.243148852436,0.0,2,-0.25242930358821736,-0.22713555822090137,1.644655532105922,False
2024-12-24,1,182967.8,12757.127719962158,0.0,2,-0.2393816505639199,-0.21364644325217275,1.6733603687593765,False
2024-12-26,1,187957.8,17088.578843258245,1.0,2,-0.008177047676277693,0.02538087176324688,2.1820104951121895,True
2024-12-27,1,191284.5,16043.262555827476,0.7165313105737893,2,-0.08504134051668533,-0.05408409263943037,2.0129090508632923,True
2024-12-29,1,192947.8,14948.386936482484,0.36787944117144233,2,-0.15483196991956194,-0.12623605912736657,1.859369666176964,True
2024-12-30,1,189621.2,15684.419716575663,0.26359713811572677,2,-0.09766017436625363,-0.06712987951398386,1.9851476163942423,True
2025-01-01,1,196274.5,17686.687289824386,0.1353352832366127,3,-0.016960025243437538,0.016300725782160352,2.1626879444644374,True
2025-01-02,1,199601.2,11554.00371156109,0.0,3,-0.36852244949732926,-0.34715666771340425,1.3892506111058758,False
2025-01-03,1,199601.2,13207.902369791664,0.0,3,-0.2781295519743644,-0.2537053638832715,1.5881149856563983,False
2025-01-05,1,197937.9,13721.34128950468,0.0,3,-0.2437660522726105,-0.2181791893795786,1.6637146850002569,False
2025-01-06,1,197937.9,14702.271537315235,0.0,3,-0.18970335256304294,-0.16228730058209329,1.7826526243613057,False
2025-01-08,1,197937.9,15153.211950429693,0.0,3,-0.16485035593506703,-0.1365934130907649,1.8373292169428526,False
2025-01-09,1,194611.2,25648.67032480377,1.0,3,0.437757314433016,0.48640323860556167,3.1630660917526354,True
2025-01-11,1,189621.2,18480.961376946765,0.513417119032592,3,0.06322757027436876,0.09920143543402782,2.3391006546036115,True
2025-01-12,1,189621.2,18172.688474851187,0.36787944117144233,3,0.04549233226422045,0.08086613297992717,2.3000831309812853,True
2025-01-13,1,192947.8,18084.255737818105,0.26359713811572677,3,0.022467164005531837,0.057061917674892104,2.2494277608121704,True
2025-01-15,1,191284.5,17052.70768464317,0.1353352832366127,3,-0.027471967786592888,0.005433116010101324,2.1395616708694956,True
2025-01-16,1,196274.5,13605.959004120676,0.0,3,-0.24377010930448706,-0.2181833836794509,1.6637057595301286,False
2025-01-18,1,197937.9,14671.841131215244,0.0,3,-0.19138048496944604,-0.16402117806991612,1.7789629330672188,False
2025-01-19,1,199601.2,15459.147230663957,0.0,3,-0.15508903495402804,-0.1265018218509688,1.8588041231011385,False
2025-01-21,1,197937.9,17387.054936420634,0.0,3,-0.041734993941177856,-0.00931249373618015,2.108183013329409,False
2025-01-22,1,196274.5,18214.39285714286,0.0,3,0.012370264769328454,0.04662339402844107,2.2272145824925227,False
2025-01-23,1,206254.5,23769.38144303808,1.0,3,0.2571960515526248,0.2997327600638038,2.7658313134157746,True
2025-01-25,1,207917.9,17038.579201236837,0.513417119032592,3,-0.10601535765781478,-0.07576775697706428,1.9667662131528074,True
2025-01-26,1,209581.2,18653.94269626122,0.36787944117144233,3,-0.029027619431103546,0.003824829535513441,2.1361392372515726,True
2025-01-28,1,212907.9,19571.907910139027,0.18887560283756183,3,0.0028360744531421567,0.036766618325616784,2.2062393637969127,True
2025-01-29,1,212907.9,18122.777307261178,0.1353352832366127,3,-0.07141526843239754,-0.03999698804101248,2.0428864094487253,True
2025-01-31,1,209581.2,15055.401395469777,0.0,3,-0.2163383810378321,-0.18982351423084132,1.7240555617167697,False
2025-02-01,1,206254.5,14342.028133720596,0.0,3,-0.2414299385880192,-0.21576403425453106,1.668854135106358,False
2025-02-03,1,204591.2,17422.834473513114,0.0,3,-0.07098992935376702,-0.03955725779054853,2.043822155421713,False
2025-02-04,1,206254.5,17547.96470663695,0.0,3,-0.07186343932267525,-0.0404603226080289,2.0419004334901145,False
2025-02-05,1,206254.5,16976.97216340765,0.0,3,-0.10206403888535864,-0.07168274696794597,1.9754591144522111,False
2025-02-07,1,206254.5,22053.503765462625,0.7165313105737893,3,0.1664408652485665,0.20590690956148805,2.5661699035468466,True
2025-02-08,1,226214.6,19841.54992927802,0.513417119032592,3,-0.04315074289740717,-0.01077614397288329,2.1050683656257045,True
2025-02-10,1,222887.9,21793.20667652457,0.26359713811572677,3,0.06665311501796856,0.10274288206744875,2.3466368530395307,True
2025-02-11,1,212907.9,21666.249138110743,0.18887560283756183,3,0.110147070666061,0.14770843771867215,2.4423235554653346,True
2025-02-13,1,209581.2,15580.831077575844,0.0,3,-0.188988789717476,-0.1615485607981424,1.784224662621553,False
2025-02-14,1,207917.9,15880.725984653449,0.0,3,-0.16676590390271018,-0.1385737728317492,1.8331150114140378,False
2025-02-15,1,206254.5,16235.594490003203,0.0,3,-0.14127654788341404,-0.11222199499225127,1.8891915946564892,False
2025-02-17,1,204591.2,18524.78725913822,0.0,3,-0.012232254947877497,0.02118845823057769,2.1730890391146698,False
2025-02-18,1,201264.5,18796.2725333932,0.0,3,0.018809804107703387,0.0532808125173625,2.241381569036948,False
2025-02-20,1,207917.9,22693.299704340418,1.0,3,0.19067800079692732,0.23096409856825195,2.61949160175324,True
2025-02-21,1,207917.9,18621.273170837743,0.7165313105737893,3,-0.022974155358030823,0.010083110062186096,2.149456858212332,True
2025-02-23,1,202927.9,18102.484370670863,0.36787944117144233,3,-0.026838361407939604,0.006088160198558734,2.140955604902533,True
2025-02-24,1,201264.5,17761.032893563402,0.26359713811572677,3,-0.03730303915873334,-0.004730585596434911,2.1179333138507865,True
2025-02-26,1,206254.5,18080.02338398306,0.1353352832366127,3,-0.04372210674501331,-0.011366839679994856,2.103811365160971,True
2025-02-27,1,204591.2,23304.569631838443,0.0,3,0.24263247251575248,0.28467642835275164,2.7337914395346554,False
2025-02-28,1,204591.2,21642.647432772723,1.0,3,0.1540164403821893,0.19306210941767699,2.5388361688408168,True
2025-03-02,1,206254.5,21473.298822111545,0.513417119032592,3,0.1357530088724832,0.1741807422553867,2.498656619519463,True
2025-03-03,1,242848.0,20984.525583562998,0.36787944117144233,3,-0.05734411123322958,-0.02544973905691017,2.0738429552868953,True
2025-03-05,1,239521.3,20049.146936106616,0.18887560283756183,3,-0.0868537930626272,-0.05595786876775377,2.00892165526222,True
2025-03-06,1,229541.3,19860.491402253087,0.1353352832366127,3,-0.05611797874109237,-0.024182120878948887,2.076540446769597,True
2025-03-08,1,221224.6,21628.696625035685,1.0,3,0.06656048978125395,0.10264712289415368,2.3464330775187587,True
2025-03-09,1,219561.3,21018.498321117284,0.7165313105737893,3,0.04432205929570965,0.07965626430947426,2.2975085304505614,True
2025-03-10,1,217897.9,19598.036857821786,0.513417119032592,3,-0.018821357517937565,0.014376416099876499,2.1585930134605373,True
2025-03-12,1,217897.9,19416.388871590483,0.26359713811572677,3,-0.02791559107985142,0.00497448290616842,2.138585699624327,True
2025-03-13,1,217897.9,16774.079309312223,0.18887560283756183,3,-0.16020321397504111,-0.1317890370042718,1.8475529292549098,True
2025-03-15,1,232868.0,19203.911467455033,0.0,3,-0.1003606506321163,-0.0699217252775639,1.979206568609344,False
2025-03-16,1,234531.3,18892.026180003184,0.0,3,-0.12124807625003509,-0.09151586830360758,1.933254232249923,False
2025-03-18,1,224551.3,17737.78795118901,0.0,3,-0.13826755273428248,-0.10911119173657025,1.8958113839845785,False
2025-03-19,1,219561.3,17359.31439158052,0.0,3,-0.13748762274024595,-0.10830487313371295,1.897527229971459,False
2025-03-21,1,217897.9,27700.74663280911,0.7165313105737893,3,0.38684201760094283,0.4337652437603732,3.051052438722074,True
2025-03-22,1,217897.9,28071.043842764473,0.513417119032592,3,0.4053810027255622,0.4529314877801862,3.0918382059962366,True
2025-03-23,1,217897.9,27887.308572151403,0.36787944117144233,3,0.39618226895931463,0.44342151866094537,3.071600991710492,True
2025-03-25,1,224551.3,24277.261581386403,0.18887560283756183,3,0.17943139770343963,0.2193369713099469,2.594749074947567,True
2025-03-26,1,249501.3,23255.691181965376,0.1353352832366127,3,0.01682215386374386,0.051225910949359355,2.2370087385002364,True
2025-03-28,1,244511.3,19736.454645281767,0.0,3,-0.11944037781268857,-0.08964700713717799,1.9372311688120853,False
2025-03-29,1,239521.3,21213.571998855754,0.0,3,-0.03381960000190887,-0.001129285716259254,2.1255968799958005,False
2025-03-31,1,237858.0,22779.098749733894,0.0,3,0.04473786497828991,0.08008613860537506,2.298423302952238,False
2025-04-01,1,234531.3,22372.743597966746,0.0,3,0.040655527837865746,0.07586567727598914,2.2894421612433047,False
2025-04-02,1,231204.6,19264.917829119444,0.0,3,-0.09100969464262265,-0.06025438355910229,1.9997786717862303,False
2025-04-04,1,227877.9,18940.02544652903,0.0,3,-0.09329312137473478,-0.06261506909042136,1.9947551329755835,False
2025-04-05,1,232868.0,18148.50987547216,0.0,3,-0.14980270326511191,-0.12103662931543535,1.8704340528167538,False
2025-04-07,1,239521.3,17407.85889771753,0.0,3,-0.20715228563043198,-0.1803266110840932,1.7442649716130498,False
2025-04-08,1,241184.6,17674.93257219826,0.0,3,-0.20053997542893365,-0.1734905761013411,1.7588120540563463,False
2025-04-10,1,239521.3,13161.188829888188,0.0,3,-0.4005685280726097,-0.3802870121051416,1.3187492382402588,False
2025-04-11,1,244511.3,16834.27386887441,0.0,3,-0.24892377561247903,-0.22351142215575837,1.6523676936525462,False
2025-04-12,1,261144.7,18614.64557859793,0.0,3,-0.2223894995478295,-0.19607936983328222,1.7107431009947753,False
2025-04-14,1,274451.4,18300.15362220445,0.0,3,-0.27259238060014424,-0.24798084460541214,1.600296762679683,False
2025-04-15,1,274451.4,18695.703927008002,0.0,3,-0.25686976364785097,-0.23172625941037217,1.634886519974728,False
2025-04-17,1,276114.7,12361.835847775383,0.0,3,-0.5115928595375743,-0.49506780591290567,1.0744957090173366,False
2025-04-18,1,279441.4,13923.96626390835,0.0,3,-0.4564233725278678,-0.43803168212467547,1.1958685804386908,False
2025-04-20,1,279441.4,14492.568984703,0.0,3,-0.43422573548373167,-0.4150829972106249,1.2447033819357904,False
2025-04-21,1,277778.1,14139.439480331179,0.0,3,-0.44470629364042036,-0.42591816071847977,1.2216461539910752,False
2025-04-23,1,277778.1,14471.592259310002,0.0,3,-0.43166176327036176,-0.4124322740577049,1.2503441208052042,False
2025-04-24,1,276114.7,11495.420465041734,0.0,3,-0.5458243009468009,-0.5304574539863542,0.999186537917038,False
2025-04-25,1,274451.4,12973.127322540291,0.0,3,-0.4843348391124871,-0.4668875216388494,1.1344633539525284,False
2025-04-27,1,264471.4,12202.287267168147,0.0,3,-0.496671998951948,-0.4796421041796456,1.1073216023057144,False
2025-04-28,1,266134.7,12992.559967319321,0.0,3,-0.4674237601286053,-0.44940426329085137,1.1716677277170684,False
2025-04-30,1,277778.1,18684.686013202143,0.0,3,-0.26620227323233336,-0.24137453059733716,1.6143549988888666,False
2025-05-01,1,272788.1,14362.145383535008,0.0,3,-0.42564228557417383,-0.4062091298229241,1.2635869717368176,False
2025-05-03,1,269461.4,13224.181947545403,0.0,3,-0.4646216375921314,-0.44650733209712834,1.177832397297311,False
2025-05-04,1,262808.0,14333.84666220836,0.0,3,-0.40500579771163636,-0.38487441492744356,1.3089872450344002,False
2025-05-05,1,259481.4,15895.32574236348,0.0,3,-0.33173031456953705,-0.30911968611512275,1.4701933079470189,False
2025-05-07,1,257818.0,14711.014229667455,0.0,3,-0.3775306937592712,-0.35646970219473517,1.3694324737296035,False
2025-05-08,1,256154.7,11900.878197530968,0.0,3,-0.49316658193317053,-0.47601808282564617,1.115033519747025,False
2025-05-10,1,254491.3,15588.28151358704,0.0,3,-0.33178863030593864,-0.3091799749403502,1.4700650133269348,False
2025-05-11,1,257818.0,15701.300517546808,0.0,3,-0.33562856458092827,-0.3131498318035911,1.4616171579219581,False
2025-05-13,1,249501.3,16277.028943444031,0.0,3,-0.28830996682608523,-0.26423022886155423,1.5657180729826126,False
2025-05-14,1,236194.6,16024.170444638186,0.0,3,-0.2598936126256669,-0.23485241906788867,1.628234052223533,False
2025-05-16,1,234531.3,22123.936279638037,0.7165313105737893,3,0.0290823960021791,0.06390097331052358,2.2639812712047944,True
2025-05-17,1,237858.0,22670.02619579212,0.513417119032592,3,0.03973537438878916,0.07491439081547746,2.287417823655336,True
2025-05-18,1,236194.6,21390.885308508558,0.36787944117144233,3,-0.012021813976877627,0.021406019384806907,2.1735520092508693,True
2025-05-20,1,234531.3,18901.869570097657,0.18887560283756183,3,-0.12079021652131539,-0.09104251708030708,1.9342615236531064,True
2025-05-21,1,232868.0,18100.789575289575,0.1353352832366127,3,-0.1520382405347278,-0.12334780506409837,1.8655158708235988,True
2025-05-23,1,227877.9,25603.12188371319,1.0,3,0.22568614238573392,0.2671567261506649,2.696509513248615,True
2025-05-24,1,222887.9,25018.294737954013,0.7165313105737893,3,0.22450277330788726,0.26593331826943234,2.693906101277352,True
2025-05-26,1,219561.3,23915.994545548696,0.36787944117144233,3,0.18828663648244515,0.2284918234310993,2.6142306002613793,True
2025-05-27,1,217897.9,22957.2986225807,0.26359713811572677,3,0.14936058447961353,0.1882487245559914,2.5285932858551496,True
2025-05-28,1,219561.3,22906.330551749907,0.18887560283756183,3,0.13812061771690298,0.17662845816597095,2.5038653589771864,True
2025-05-30,1,217897.9,31742.489369336592,0.7165313105737893,3,0.5891924713865744,0.6429621414710824,3.496223437050464,True
2025-05-31,1,227877.9,32167.76102231133,0.513417119032592,3,0.5399520064662058,0.5920556457827315,3.387894414225653,True
2025-06-02,1,229541.3,29063.84872528092,0.26359713811572677,3,0.3812772163970295,0.428012159808959,3.038809876073465,True
2025-06-03,1,241184.6,26283.60527877107,0.18887560283756183,3,0.1888414078045415,0.22906536521146248,2.6154510971699922,True
2025-06-05,1,241184.6,21294.239277595243,0.0,3,-0.03683405939176565,-0.004245738092990559,2.118965069338116,False
2025-06-06,1,241184.6,21586.66261381278,0.0,3,-0.02360737427697479,0.009428466442977346,2.148063776590656,False
2025-06-08,1,239521.3,20887.24716982364,0.0,3,-0.048682191453295,-0.016494746803218496,2.0928991788027513,False
2025-06-09,1,251164.7,21186.69585680339,0.0,3,-0.07977677131727556,-0.048641398918235934,2.024491103101994,False
2025-06-10,1,254491.3,21162.148998604946,0.0,3,-0.0928577626916578,-0.062164980226337985,1.995712922078353,False
2025-06-12,1,256154.7,16148.163570184353,0.0,3,-0.3122836145422626,-0.28901501503429394,1.5129760480070225,False
2025-06-13,1,282768.1,19331.91917924863,0.0,3,-0.2541815580554474,-0.22894709949341374,1.6408005722780157,False
2025-06-15,1,287758.1,20541.31390284814,0.0,3,-0.22126584531124116,-0.19491769722026808,1.7132151403152696,False
2025-06-16,1,282768.1,21172.96824565744,0.0,3,-0.18315455170801753,-0.15551692375828885,1.7970599862423613,False
2025-06-18,1,281104.7,20994.61941088554,0.0,3,-0.18524232517238248,-0.1576753361744555,1.7924668846207588,False
2025-06-19,1,282768.1,20502.59461739288,0.0,3,-0.20901732354754,-0.18225475178787032,1.7401618881954122,False
2025-06-20,1,286094.8,19840.29745464295,0.0,3,-0.2434689180086289,-0.21787200170065013,1.6643683803810165,False
2025-06-22,1,281104.7,19758.894249012377,0.0,3,-0.23319825806687133,-0.2072538382270286,1.6869638322528833,False
2025-06-23,1,294411.5,20842.257613504946,0.0,3,-0.2277133092409176,-0.20158330842576067,1.6990307196699812,False
2025-06-25,1,316034.8,21083.79187943704,0.0,3,-0.27221621694468034,-0.24759195360822206,1.6011243227217036,False
2025-06-26,1,316034.8,17684.43212693539,0.0,3,-0.38955748623763564,-0.3689034162231196,1.3429735302772017,False
2025-06-28,1,306054.8,18641.910119724154,0.0,3,-0.3355232715998162,-0.3130409762780053,1.4618488024804046,False
2025-06-29,1,291084.8,18841.15364074208,0.0,3,-0.2938832329994404,-0.26999206419115085,1.5534568874012313,False
2025-07-01,1,297738.1,20576.336866411177,0.0,4,-0.24608530298353382,-0.2205769109792174,1.6586123334362255,False
2025-07-02,1,286094.8,22806.164217212605,0.0,4,-0.13037734788179156,-0.1009540250657619,1.9131698346600587,False
2025-07-03,1,276114.7,18150.785602517113,0.0,4,-0.2828756664919413,-0.2586120612228716,1.5776735337177292,False
2025-07-05,1,274451.4,16062.33272865268,0.0,4,-0.36154288901809817,-0.3399409566916428,1.404605644160184,False
2025-07-06,1,279441.4,17146.08063256213,0.0,4,-0.33063550227266536,-0.3079878312969285,1.4726018950001363,False
2025-07-08,1,282768.1,19077.86463127175,0.0,4,-0.2639828905245193,-0.2390800559933941,1.6192376408460576,False
2025-07-09,1,287758.1,19762.084879810685,0.0,4,-0.2508069086255933,-0.22545827019563214,1.6482248010236948,False
2025-07-11,1,296074.8,18390.11004739024,0.0,4,-0.32240304701661116,-0.2994768343216845,1.4907132965634555,False
2025-07-12,1,296074.8,17893.454490742966,0.0,4,-0.3407026814940144,-0.3183956293641126,1.4504541007131684,False
2025-07-14,1,284431.4,22278.66492523144,0.0,4,-0.14552338102430062,-0.11661251797625061,1.8798485617465388,False
2025-07-15,1,277778.1,22128.864727482644,0.0,4,-0.13094013881193867,-0.10153585779429752,1.911931694613735,False
2025-07-17,1,277778.1,42324.853945853385,1.0,4,0.6622105177093143,0.7184507231957196,3.6568631389604915,True
2025-07-18,1,277778.1,33217.05726226541,0.7165313105737893,4,0.30452291741692994,0.34866091086336737,2.869950418317246,True
2025-07-19,1,274451.4,28227.595078908602,0.513417119032592,4,0.12201067606439997,0.1599734432996618,2.46842348734168,True
2025-07-21,1,272788.1,30784.791977123525,0.26359713811572677,4,0.23111709893464183,0.27277143686852057,2.708457617656212,True
2025-07-22,1,279441.4,29449.002164745125,0.18887560283756183,4,0.14965728699190417,0.18855546587508898,2.5292460313821894,True
2025-07-24,1,281104.7,21176.301952365488,0.0,4,-0.1781916022154223,-0.150386054921959,1.807978475126071,False
2025-07-25,1,267798.0,22094.137908256133,0.0,4,-0.09996729251466485,-0.06951505805087532,1.9800719564677376,False
2025-07-31,1,277778.1,28600.186784311903,1.0,4,0.12320603261034258,0.1612092442400157,2.4710532717427536,True
2025-08-06,1,340984.9,26795.71602939345,0.1353352832366127,4,-0.1427277215535422,-0.11372226852339884,1.8859990125822073,True
2025-08-07,1,319361.5,26586.002269113484,0.0,4,-0.09184696444920204,-0.0611199820433479,1.9979366782117558,False
2025-08-09,1,316034.8,24307.65766601888,0.0,4,-0.16093276036164206,-0.13254326729117127,1.8459479272043877,False
2025-08-10,1,314371.5,25525.805299651005,0.0,4,-0.11422208902000563,-0.08425215970113364,1.9487114041559876,False
2025-08-12,1,306054.8,29206.380401840837,0.0,4,0.041039248295314135,0.07626238075643399,2.2902863462496916,False
2025-08-13,1,309381.5,28022.14285714286,0.0,4,-0.011912141171647628,0.021519402924048414,2.1737932894223753,False
2025-08-15,1,316034.8,28536.004012453417,0.7165313105737893,4,-0.014976002788182563,0.018351876816728563,2.1670527938659987,True
2025-08-16,1,316034.8,25823.038451840956,0.513417119032592,4,-0.108623879332013,-0.07846453690339683,1.9610274654695716,True
2025-08-18,1,301064.8,29711.542378439957,0.26359713811572677,4,0.07659851585342614,0.11302478142741434,2.368516734877538,True
2025-08-19,1,304391.5,29486.715392139573,0.18887560283756183,4,0.056774774667955,0.09253031215672025,2.324904504269501,True
2025-08-21,1,307718.2,27165.6680767787,0.0,4,-0.036934628319782115,-0.004349709729098095,2.1187438176964792,False
2025-08-22,1,307718.2,26566.602558394785,0.0,4,-0.05817243680999096,-0.026306090687020722,2.07202063901802,False
2025-08-24,1,299401.5,27253.43673295806,0.0,4,-0.006984871802589443,0.026613384414616137,2.1846332820343033,False
2025-08-25,1,309381.5,29158.694038652957,0.0,4,0.028163752706714007,0.0629512480990464,2.261960255954771,False
2025-08-26,1,331004.9,29172.438497185834,0.0,4,-0.03854962991283939,-0.006019354233198548,2.1151908141917537,False
2025-08-28,1,334331.6,42953.08218155438,1.0,4,0.4015399033301956,0.4489604263752023,3.083387787326431,True
2025-08-29,1,317698.2,36043.38763879155,0.7165313105737893,4,0.23765445452061273,0.2795299811773251,2.722839799945348,True
2025-08-31,1,319361.5,35198.70991475711,0.36787944117144233,4,0.20235509396970164,0.24303628135965405,2.645181206733344,True
2025-09-01,1,321024.9,33738.7243028026,0.26359713811572677,4,0.1465117209787412,0.18530347093666855,2.522325786153231,True
2025-09-03,1,321024.9,29572.277961140866,0.1353352832366127,4,0.004927246039142741,0.038928543837459806,2.2108399412861144,True
2025-09-04,1,319361.5,28529.270222735842,0.0,4,-0.02546674401940885,0.007506185694220235,2.1439731631573005,False
2025-09-06,1,337658.2,27923.287619886873,0.0,4,-0.09785196057421797,-0.0673281547289849,1.9847256867367205,False
2025-09-07,1,354291.6,27105.90636910086,0.0,4,-0.165374519876205,-0.1371353119020916,1.8361760562723493,False
2025-09-09,1,362608.3,28356.57567788593,0.0,4,-0.14689084077619363,-0.11802624516335802,1.876840150292374,False
2025-09-10,1,335994.9,26818.92530203014,0.0,4,-0.1292424551564172,-0.09978073371434104,1.9156665986558823,False
2025-09-12,1,334331.6,28489.95198395411,0.0,4,-0.07038558069715739,-0.03893246124706118,2.045151722466254,False
2025-09-13,1,332668.2,29512.546517147748,0.0,4,-0.03220370052100241,0.0005412870553547222,2.129151858853795,False
2025-09-14,1,329341.5,30371.92338966367,0.0,4,0.006038028434878218,0.04007690909620876,2.2132836625567323,False
2025-09-16,1,324351.5,27611.110883055662,0.0,4,-0.07134044786522165,-0.0399196359508871,2.0430510146965126,False
2025-09-17,1,324351.5,27029.03029642546,0.0,4,-0.09091788171697146,-0.060159464181079536,1.999980660222663,False
2025-09-19,1,326014.9,28233.505393879535,0.0,4,-0.055252146376928324,-0.023286993434794234,2.078445277970758,False
2025-09-20,1,326014.9,31655.891250199635,0.0,4,0.05926752260931378,0.09510740119383976,2.330388549740491,False
2025-09-22,1,319361.5,31473.66846372042,0.0,4,0.07511115307672855,0.11148709434624204,2.365244536768803,False
2025-09-23,1,321024.9,33021.70190657923,0.0,4,0.12214581508092759,0.16011315468892917,2.4687207931780413,False
2025-09-25,1,327678.2,54255.79459883507,1.0,4,0.8062885954074923,0.8674036230716555,3.973834909896483,True
2025-09-26,1,332668.2,47489.574173246954,0.7165313105737893,4,0.5573117054469492,0.6100027029996655,3.426085751983288,True
2025-09-28,1,339321.6,42220.13778357454,0.36787944117144233,4,0.3573651700197058,0.4032910592308989,2.986203374043353,True
2025-10-01,1,417498.4,47635.19977581268,0.1353352832366127,4,0.24469153612815608,0.2868051595309884,2.7383213794819437,True
2025-10-02,1,415835.1,33459.51291665436,0.09697196786440505,4,-0.12221727270813842,-0.09251785712307548,1.9311220000420954,True
2025-10-03,1,400865.1,35542.23321100497,0.06948345122280154,4,-0.032758269026255116,-3.204504594045421e-05,2.1279318081422387,True
2025-10-05,1,404191.7,35742.0286340657,0.035673993347252395,4,-0.03532645612378238,-0.002687125691880232,2.122281796527679,True
2025-10-06,1,407518.4,38860.37122489255,0.025561533206507402,4,0.040275291749705566,0.07547257605702629,2.2886056418493523,True
2025-10-08,1,402528.4,37700.409546643416,0.01312372873694097,4,0.021734603208846348,0.05630457098658925,2.247816127059462,True
2025-10-09,1,399201.7,29741.789259248322,0.0,4,-0.1872382236143697,-0.15973876501485595,1.7880759080483868,False
2025-10-11,1,399201.7,29832.68500004922,0.0,4,-0.1847542915578525,-0.15717079014439628,1.7935405585727249,False
2025-10-12,1,397538.4,32068.01384862884,0.0,4,-0.12000229827186959,-0.09022793994272227,1.935994943801887,False
2025-10-14,1,392548.4,30585.427416897845,0.0,4,-0.1500176584993339,-0.12125885747111587,1.8699611513014656,False
2025-10-15,1,369261.7,30369.944015444016,0.0,4,-0.10278136029682983,-0.07242433865273756,1.9738810073469746,False
2025-10-17,1,364271.6,28552.257669570823,0.0,4,-0.14492599868577116,-0.11599492345333484,1.8811628028913034,False
2025-10-18,1,364271.6,31009.457775110124,0.0,4,-0.07133854544166418,-0.03991766915961514,2.043055200028339,False
2025-10-19,1,359281.6,31080.069136178223,0.0,4,-0.05629651040465533,-0.024366693087519598,2.0761476771097587,False
2025-10-21,1,359281.6,30644.51147314915,0.0,4,-0.06952161890488284,-0.03803926766482246,2.0470524384092577,False
2025-10-22,1,357618.3,31376.493523477395,0.0,4,-0.04286491978705509,-0.010480650155790028,2.105697176468479,False
2025-10-24,1,359281.6,32184.950035310336,0.0,4,-0.02274832376679159,0.010316582571926025,2.149953687713059,False
2025-10-25,1,345974.9,32414.021393773997,0.0,4,0.02206115563267197,0.056642172176634586,2.2485345423918783,False
2025-10-27,1,335994.9,28613.33348676375,0.0,4,-0.07098156484148765,-0.03954861026845524,2.0438405573487275,False
2025-10-28,1,335994.9,28191.89458493017,0.0,4,-0.08466485376262878,-0.05369486761174025,2.0137373217222168,False
2025-10-30,1,334331.6,25230.87927725783,0.0,4,-0.17672766872200052,-0.1488725898441735,1.811199128811599,False
2025-10-31,1,331004.9,27854.25339447347,0.0,4,-0.08199370315918264,-0.05093333973223757,2.0196138530497985,False
2025-11-02,1,340984.9,27698.0627261001,0.0,4,-0.11385904688234483,-0.08387683418287528,1.9495100968588415,False
2025-11-03,1,369261.7,26919.84545721305,0.0,4,-0.20470755198436497,-0.1777991608860915,1.7496433856343974,False
2025-11-05,1,370925.0,25277.340982687758,0.0,4,-0.25658068148485536,-0.23142739627193687,1.6355225007333185,False
2025-11-06,1,370925.0,38101.46437112236,1.0,4,0.12058324080086824,0.15849771135428115,2.4652831297619104,True
2025-11-07,1,354291.6,35618.083610886184,0.7165313105737893,4,0.09672629020489998,0.13383357070055446,2.41279783845078,True
2025-11-09,1,355954.9,34225.00951329961,0.36787944117144233,4,0.048907432219886804,0.08439678143033391,2.307596350883751,True
2025-11-10,1,355954.9,32198.73592515664,0.26359713811572677,4,-0.01319257758399972,0.020195643475188207,2.170976329315201,True
2025-11-12,1,352628.3,31236.016346992154,0.1353352832366127,4,-0.03366649254416865,-0.0009709979310014161,2.125933716402829,True
2025-11-13,1,347638.3,23956.693665461815,0.0,4,-0.24822509752876698,-0.22278910458801104,1.6539047854367126,False
2025-11-15,1,350964.9,33003.2872826311,0.0,4,0.02584577906527552,0.060554846778010596,2.256860713943606,False
2025-11-16,1,349301.6,31858.418986873097,0.0,4,-0.005024915580957745,0.028639654944498494,2.1889451857218933,False
2025-11-18,1,342648.2,28349.03303240704,0.0,4,-0.09743527461883794,-0.06689737037661825,1.9856423958385565,False
2025-11-19,1,337658.2,32690.871279113217,0.0,4,0.05617955281771647,0.09191495122132332,2.3235950161989765,False
2025-11-21,1,337658.2,30242.63800978071,0.0,4,-0.022918183596826958,0.010140975604784108,2.1495799960869806,False
2025-11-22,1,334331.6,30014.741774666265,0.0,4,-0.020632370279318857,0.012504128470628872,2.1546087853854985,False
2025-11-24,1,326014.9,26921.093421862683,0.0,4,-0.09916799658166175,-0.06868871827051481,1.9818304075203446,False
2025-11-25,1,324351.5,26562.68316148999,0.0,4,-0.10660278926389244,-0.07637506408861061,1.9654738636194369,False
2025-11-26,1,324351.5,26904.433148586373,0.0,4,-0.09510852554870963,-0.06449189671389155,1.990761243792839,False
2025-11-28,1,322688.2,25271.72787470837,0.0,4,-0.14564097226052763,-0.11673408786332751,1.8795898610268391,False
2025-11-29,1,316034.8,25512.57448353266,0.0,4,-0.11934067271765392,-0.0895439285614843,1.9374505200211616,False
2025-12-01,1,311044.8,23929.722156694646,0.0,4,-0.16072696140019438,-0.13233050520696787,1.8464006849195727,False
2025-12-02,1,312708.2,23828.474175392465,0.0,4,-0.1687234584693288,-0.1405975604476144,1.8288083913674766,False
2025-12-04,1,309381.5,21567.884705415927,0.0,4,-0.2394955258534407,-0.21376417146502336,1.6731098431224305,False
2025-12-05,1,304391.5,22635.926478836223,0.0,4,-0.18875073788485408,-0.1613024545802063,1.7847483766533212,False
2025-12-07,1,301064.8,23307.762587866917,0.0,4,-0.15544261249223368,-0.12686736253896336,1.858026252517086,False
2025-12-08,1,301064.8,22867.70423985777,0.0,4,-0.17138813825192445,-0.14335239856871873,1.8229460958457666,False
2025-12-10,1,299401.5,23633.147247477893,0.0,4,-0.13889492273529735,-0.10975978854213064,1.894431169982346,False
2025-12-11,1,299401.5,19841.991429668025,0.0,4,-0.2770307151979827,-0.25256934841896705,1.5905324265644383,False
2025-12-13,1,296074.8,22341.97220095078,0.0,4,-0.1767938175469378,-0.1489409767872476,1.811053601396737,False
2025-12-14,1,297738.1,21501.78744409776,0.0,4,-0.21217689662286432,-0.18552122771160795,1.7332108274296985,False
2025-12-15,1,299401.5,21114.31390712473,0.0,4,-0.23067195756899628,-0.20464206139651864,1.6925216933482083,False
2025-12-20,1,387558.4,21075.490290571328,0.0,4,-0.40676182084169665,-0.3866898523739346,1.3051239941482673,False
2025-12-21,1,359281.6,20740.734256751664,0.0,4,-0.37023617260611175,-0.34892837393488996,1.3854804202665543,False
2025-12-23,1,354291.6,22224.40490354858,0.0,4,-0.315682185258535,-0.29252857498532747,1.5054991924312233,False
2025-12-24,1,379241.7,23436.479200398557,0.0,4,-0.32583710550246436,-0.3030270827563071,1.4831583678945786,False
2025-12-26,1,384231.7,19470.075264746556,0.0,4,-0.44720640938797496,-0.4285028668484704,1.2161458993464551,False
2025-12-27,1,382568.4,20297.13161648396,0.0,4,-0.42121917545200593,-0.4016363655988783,1.273317814005587,False
2025-12-29,1,379241.7,22533.24971375638,0.0,4,-0.3518189861383517,-0.3298880495791231,1.4259982304956262,False
2025-12-30,1,394211.7,23061.638551705342,0.0,4,-0.36181115001622444,-0.34021829418970573,1.4040154699643064,False
2026-01-01,1,395875.1,31270.349494088914,0.7165313105737893,4,-0.13828607712366625,-0.10913034289100831,1.8957706303279342,True
2026-01-02,1,402528.4,31200.7007987565,0.513417119032592,4,-0.15441672825822983,-0.12580676793613976,1.8602831978318946,True
2026-01-03,1,397538.4,25777.30438285503,0.36787944117144233,4,-0.2926294493717513,-0.26869585931290074,1.5562152113821475,True
2026-01-05,1,370925.0,26891.142270271514,0.18887560283756183,4,-0.2091179735103076,-0.1823588072005058,1.7399404582773237,True
2026-01-06,1,365935.0,26084.982281160308,0.1353352832366127,4,-0.22236614954239597,-0.19605522979007095,1.710794471006729,True
2026-01-08,1,349301.6,42033.47937763869,1.0,4,0.3127539288570633,0.35717041517177583,2.8880586434855395,True
2026-01-09,1,342648.2,33049.102805385584,0.7165313105737893,4,0.052203592395473564,0.08780446582238799,2.314847903270042,True
2026-01-11,1,345974.9,32395.63300147034,0.36787944117144233,4,0.02148134292570214,0.056042741746496594,2.247258954436545,True
2026-01-12,1,347638.3,31086.799422334483,0.26359713811572677,4,-0.02447825521261149,0.008528119611021845,2.1461478385322548,True
2026-01-14,1,344311.6,30383.380962759995,1.0,4,-0.037339825180764064,-0.0047686162583086,2.1178523846023194,True
2026-01-15,1,342648.2,60922.72221917611,0.7165313105737893,4,0.9396322966771304,1.0052589533316199,4.267191052689687,True
2026-01-17,1,364271.6,41807.09556242157,0.36787944117144233,4,0.2520257031717763,0.2943874750836035,2.754456546977908,True
2026-01-18,1,364271.6,48904.78944248347,0.26359713811572677,4,0.46458519938969034,0.5141388339555069,3.222087438657319,True
2026-01-19,1,350964.9,43334.324493823464,0.18887560283756183,4,0.3469668487850637,0.39254091509734046,2.9633270673271404,True
2026-01-21,1,345974.9,36623.01068003487,0.0,4,0.15477669875215705,0.19384809081520005,2.5405087372547457,False
2026-01-22,1,357618.3,24460.047086213657,0.0,4,-0.2538500482102035,-0.22860437314964643,1.6415298939375524,False
2026-01-24,1,357618.3,26939.12563536284,0.0,4,-0.17822614064326514,-0.1504217619432252,1.807902490584817,False
2026-01-25,1,349301.6,27025.527757068317,0.0,4,-0.15596166989209892,-0.12740398203130532,1.8568843262373826,False
2023-08-11,2,86494.2,3933.3850224114644,0.0,1,-0.5039013622885322,-0.4871160700351366,1.0914170029652295,False
2023-08-14,2,84937.9,4077.1005103479224,0.0,1,-0.47635319318129565,-0.45863582001825676,1.1520229750011497,False
2023-08-24,2,89820.9,4806.138711160411,1.0,1,-0.4162761214622662,-0.3965260654215158,1.2841925327830146,True
2023-08-27,2,89820.9,3356.5701404475712,0.36787944117144233,1,-0.5923317534684847,-0.578538466931704,0.896870142369334,True
2023-10-11,2,113107.6,3428.8646469049695,0.0,1,-0.669290161332623,-0.65810073070102,0.7275616450682294,False
2023-10-14,2,126414.3,3693.0260706134045,0.0,1,-0.6813053813218567,-0.6705224806898895,0.7011281610919152,False
2023-10-17,2,126414.3,3069.856709908119,0.0,1,-0.7350826138635393,-0.7261192436559147,0.5828182495002135,False
2023-11-07,2,107451.0,3203.1101133685042,0.0,1,-0.674800426068017,-0.6637974329650552,0.7154390626503625,False
2023-11-10,2,104206.6,3248.9254615786153,0.0,1,-0.6598792857916749,-0.6483714420778595,0.7482655712583153,False
2023-12-22,2,96474.3,6606.208637273249,1.0,1,-0.252985193067631,-0.22771025599097194,1.6434325752512118,True
2024-01-02,2,93147.6,7420.706043647677,0.36787944117144233,1,-0.1309152695314444,-0.10151014707198192,1.9119864070308226,True
2024-01-04,2,93147.6,5743.470655470123,0.18887560283756183,1,-0.32734666793111666,-0.3045877206054777,1.4798373305515435,True
2024-01-07,2,96474.3,7062.125900226308,0.0,1,-0.2014311225164187,-0.1744118747820118,1.7568515304638788,False
2024-01-18,2,126414.3,6120.407596890724,0.0,1,-0.4718312495091811,-0.45396087825197295,1.1619712510798017,False
2024-01-26,2,106454.3,5644.533924493587,0.0,1,-0.42156649640504684,-0.4019954380127364,1.2725537079088969,False
2024-02-03,2,109781.0,6843.399822682281,0.513417119032592,1,-0.31996182588154953,-0.2969530154790455,1.4960839830605912,True
2024-03-06,2,109781.0,7291.376229916553,0.0,1,-0.2754457862057714,-0.2509307940097262,1.5940192703473028,False
2024-03-11,2,126414.3,6797.663446545802,0.0,1,-0.41338655114356226,-0.3935387276860136,1.2905495874841633,False
2024-03-16,2,109781.0,7027.215599952632,0.0,1,-0.3016957960151112,-0.27806896204569775,1.5362692487667553,False
2024-04-06,2,119761.0,6981.481530966707,0.7165313105737893,1,-0.3640532669111398,-0.3425362721825693,1.3990828127954926,True
2024-04-14,2,116434.3,9854.010854875636,0.36787944117144233,1,-0.07674714207920752,-0.04550926342775208,2.031156287425744,True
2024-04-17,2,114008.8,7845.955691866982,0.1353352832366127,1,-0.249248795608092,-0.22384743906851623,1.6516526496621977,True
2024-04-20,2,113107.6,8392.201658917149,0.0,1,-0.1905823231635123,-0.16319601078934542,1.780718889040273,False
2024-04-30,2,118004.3,8613.701136892068,0.0,1,-0.20369301147419805,-0.17675029381731,1.7518753747567644,False
2024-05-14,2,113107.6,9381.793868159006,0.0,1,-0.0951373541822279,-0.06452170075230335,1.9906978207990986,False
2024-05-19,2,123087.7,9012.579055496994,0.36787944117144233,1,-0.201227708034309,-0.17420157785501866,1.7572990423245203,True
2024-05-22,2,129741.0,7888.709615145099,0.1353352832366127,1,-0.33668886206336124,-0.3142460040128735,1.4592845034606052,True
2024-05-27,2,136394.4,6895.004689217102,0.0,1,-0.4485240378396952,-0.42986507671397056,1.2132471167526706,False
2024-05-30,2,152659.9,6333.1572816189155,0.0,1,-0.5474319809802587,-0.532119529208914,0.995649641843431,False
2024-06-25,2,137057.5,8309.48110257685,0.0,1,-0.33860690034924157,-0.316228938330983,1.4550648192316686,False
2024-06-28,2,134761.7,7867.6730257738955,0.7165313105737893,1,-0.36310420333692917,-0.3415550974347952,1.401170752658756,True
2024-07-01,2,129741.0,8306.452707950955,0.26359713811572677,2,-0.3015635171372094,-0.2779322075666638,1.5365602622981394,True
2024-07-02,2,133067.7,8381.136234626301,0.18887560283756183,2,-0.3129018003240893,-0.2896541168764081,1.5116160392870037,True
2024-07-06,2,139721.0,8864.493871329483,0.0,2,-0.30788092337291784,-0.2844633606298963,1.5226619685795808,False
2024-07-08,2,139721.0,9656.750458852839,0.0,2,-0.24602337055967993,-0.22051288309741335,1.6587485847687042,False
2024-07-12,2,141070.8,6889.74465587683,0.0,2,-0.46721184829614915,-0.44918518150917675,1.172133933748472,False
2024-07-14,2,151320.6,6833.199473551345,0.0,2,-0.5073770903834391,-0.49070939795280355,1.083770401156434,False
2024-07-17,2,153027.7,7671.275376759248,0.0,2,-0.4531275025780481,-0.4346242977780572,1.2031194943282943,False
2024-07-18,2,153027.7,6267.636545380161,0.0,2,-0.5531905866801066,-0.5380729749512381,0.9829807093037655,False
2024-07-19,2,151580.2,6335.314351983203,0.0,2,-0.5440531137744038,-0.528626339428425,1.0030831496963117,False
2024-07-21,2,126414.3,6478.109149508847,0.0,2,-0.4409629161336527,-0.4220481275817838,1.2298815845059643,False
2024-07-22,2,126414.3,7338.032139836481,0.0,2,-0.3667547128188262,-0.3453291203954031,1.3931396317985825,False
2024-07-24,2,152933.7,7637.072238136754,0.0,2,-0.4552311535970933,-0.4367991249594009,1.198491462086395,False
2024-07-31,2,156354.4,8173.328590110848,0.1353352832366127,2,-0.42973408730812124,-0.4104393759764412,1.2545850079221332,True
2024-08-05,2,146374.4,7646.279408295599,0.0,2,-0.43013288401929206,-0.41085166580941856,1.2537076551575574,False
2024-08-09,2,154498.3,13198.872560281996,0.7165313105737893,2,-0.06803051776219049,-0.03649771573158789,2.0503328609231812,True
2024-08-10,2,191531.3,11678.018615290493,0.513417119032592,2,-0.33485249297498665,-0.31234750213579454,1.4633245154550294,True
2024-08-12,2,184531.4,12571.995880393319,0.26359713811572677,2,-0.25677122718449485,-0.2316243890065266,1.6351033001941115,True
2024-08-16,2,136394.4,8985.563443070818,0.0,2,-0.28131705942572804,-0.2570007193311099,1.5811024692633984,False
2024-08-18,2,153027.7,9312.727037137502,0.0,2,-0.3361111363519035,-0.31364873119087766,1.4605555000258124,False
2024-08-24,2,156354.4,8773.905234684287,0.513417119032592,2,-0.38783091596450436,-0.36711842815879214,1.3467719848780904,True
2024-08-29,2,146374.4,8890.778491503477,0.0,2,-0.33738200931036055,-0.3149626036103351,1.457759579517207,False
2024-09-03,2,141427.7,10470.449032278757,0.0,2,-0.1923570817305813,-0.16503081757860838,1.7768144201927214,False
2024-09-04,2,140598.7,11203.970980196787,0.0,2,-0.13068088136104306,-0.10126782847476234,1.9125020610057057,False
2024-09-13,2,166334.4,9061.41384295203,0.0,2,-0.405704488201728,-0.38559674532133537,1.3074501259561986,False
2024-09-14,2,169661.1,9548.745903465047,0.0,2,-0.38602226952018115,-0.36524858690996165,1.3507510070556017,False
2024-09-19,2,136394.4,8598.633091097736,0.0,2,-0.3122645058396637,-0.28899525979664475,1.51301808715274,False
2024-09-20,2,136394.4,8549.423643753844,0.0,2,-0.3162003736953868,-0.2930642961136517,1.5043591778701493,False
2024-09-22,2,129741.0,8896.589665981679,0.0,2,-0.25194267465895237,-0.2266324644030523,1.6457261157503047,False
2024-09-23,2,129741.0,8325.172177695436,0.0,2,-0.2999895166499884,-0.27630495142386025,1.5400230633700254,False
2024-10-08,2,129741.0,9858.237640908874,0.18887560283756183,2,-0.17108384683256028,-0.14303781157501527,1.8236155369683673,True
2024-10-12,2,146374.4,12123.925787903258,0.513417119032592,2,-0.09641980704748743,-0.06584754487992128,1.9878764244955278,True
2024-10-28,2,169661.1,15543.399711167242,0.26359713811572677,2,-0.0005701926637231569,0.033245101569459035,2.198745576139809,True
2024-10-30,2,139721.0,14217.511800971479,0.1353352832366127,2,0.11007027388775259,0.1476290425531277,2.442154602553056,True
2024-11-09,2,143047.7,12763.323252379549,0.0,2,-0.026644583154274204,0.006288494859303162,2.141381917060597,False
2024-11-10,2,143047.7,12568.569549848089,0.0,2,-0.04149687260595891,-0.009066315664055247,2.1087068802668907,False
2024-11-12,2,143047.7,11908.580103587065,0.0,2,-0.0918289287543772,-0.061101336118246974,1.9979763567403706,False
2024-11-13,2,144585.1,12327.788392078715,0.0,2,-0.0698559929258109,-0.03838495509247364,2.046316815563216,False
2024-11-15,2,146374.4,12934.299141648718,0.7165313105737893,2,-0.03602375018020654,-0.003408012404348848,2.1207477496035456,True
2024-11-19,2,168072.6,12696.786556131041,0.18887560283756183,2,-0.17588947398828358,-0.14800603513826305,1.8130431572257761,True
2024-11-21,2,170008.8,9834.277093341543,0.0,2,-0.36895606088359434,-0.34760495016161064,1.3882966660560927,False
2024-11-22,2,153027.7,13366.827017161824,0.0,2,-0.047101073228501766,-0.014860132097135215,2.0963776388972963,False
2024-12-04,2,174736.0,13253.716216216217,0.0,2,-0.1725460403923914,-0.14454947784927685,1.820398711136739,False
2024-12-07,2,166334.4,14932.173523904354,0.0,2,-0.020668975013028335,0.01246628523089166,2.154528254971338,False
2024-12-08,2,169661.1,14674.69267525775,0.0,2,-0.05642745180034048,-0.024502064831179116,2.075859606039251,False
2024-12-10,2,168787.4,14215.372512547507,0.0,2,-0.08123005007498896,-0.05014384876173672,2.0212938898350243,False
2024-12-11,2,169661.1,14331.115082824761,0.0,2,-0.07851925239681234,-0.0473413323651255,2.027257644727013,False
2024-12-13,2,176314.5,15782.301060998065,0.7165313105737893,2,-0.023503132022211437,0.009536235691322892,2.148293109551135,True
2024-12-17,2,163007.8,14361.19699180604,0.18887560283756183,2,-0.03889504951925615,-0.006376460969156006,2.1144308910576366,True
2024-12-18,2,186294.5,14119.788547764354,0.1353352832366127,2,-0.17316905821319462,-0.14519357522040788,1.819028071930972,True
2024-12-20,2,204071.3,12865.67258937524,0.0,2,-0.31223649830185074,-0.288966304635372,1.5130797037359285,False
2024-12-21,2,209581.2,13039.4866689484,0.0,2,-0.3212704885770429,-0.2983059562356646,1.4932049251305057,False
2024-12-26,2,203674.5,17088.578843258245,1.0,2,-0.08471183133739502,-0.053743434653321875,2.013633971057731,True
2024-12-30,2,209581.2,15684.419716575663,0.26359713811572677,2,-0.1835968085665043,-0.15597414419469424,1.7960870211536908,True
2025-01-01,2,212789.5,17686.687289824386,0.1353352832366127,3,-0.0932556374945338,-0.06257631695863453,1.9948375975120258,True
2025-01-02,2,214810.3,11554.00371156109,0.0,3,-0.4132326203473776,-0.3933795887049957,1.2908882352357693,False
2025-01-03,2,186294.5,13207.902369791664,0.0,3,-0.22656757085982404,-0.20039880446034442,1.7015513441083872,False
2025-01-06,2,213044.8,14702.271537315235,0.0,3,-0.24716108175035645,-0.2216890882757444,1.656245620149216,False
2025-01-09,2,184617.6,25648.67032480377,1.0,3,0.515585059444964,0.566864253185583,3.334287130778921,True
2025-01-21,2,189621.2,17387.054936420634,0.0,3,0.00029407546608983814,0.034138611854040324,2.2006469660253978,False
2025-01-22,2,209581.2,18214.39285714286,0.0,3,-0.051907005339851375,-0.019828670934056825,2.0858045882523273,False
2025-01-23,2,207934.1,23769.38144303808,1.0,3,0.2470409760350072,0.2892340917655152,2.7434901472770163,True
2025-01-31,2,226214.6,15055.401395469777,0.0,3,-0.2739604672022322,-0.2493952198519318,1.5972869721550893,False
2025-02-01,2,199601.2,14342.028133720596,0.0,3,-0.2161445485723663,-0.18962312352406285,1.7244819931407942,False
2025-02-04,2,216234.6,17547.96470663695,0.0,3,-0.11470068964808933,-0.084746953583551,1.9476584827742036,False
2025-02-07,2,196274.5,22053.503765462625,0.7165313105737893,3,0.22575106517357302,0.26722384557418266,2.6966523433818606,True
2025-02-08,2,201086.7,19841.54992927802,0.513417119032592,3,0.0764176445073701,0.11283779037416086,2.3681188179162147,True
2025-02-10,2,206222.6,21793.20667652457,0.26359713811572677,3,0.15285168955688389,0.19185794972986137,2.536273717025145,True
2025-02-11,2,200979.2,21666.249138110743,0.18887560283756183,3,0.17603752779721793,0.21582827121892834,2.58728256115388,True
2025-02-13,2,196274.5,15580.831077575844,0.0,3,-0.13400516794354977,-0.10470459091908335,1.9051886305241905,False
2025-02-14,2,196274.5,15880.725984653449,0.0,3,-0.1173367734018087,-0.08747222814096756,1.941859098516021,False
2025-02-15,2,219823.3,16235.594490003203,0.0,3,-0.19428206084350297,-0.16702092756377185,1.7725794661442935,False
2025-02-17,2,189621.2,18524.78725913822,0.0,3,0.06574891563552909,0.10180808947282172,2.3446476143981645,False
2025-02-20,2,189621.2,22693.299704340418,1.0,3,0.30556746556764436,0.34974080086880543,2.872248424248818,True
2025-02-23,2,186294.5,18102.484370670863,0.36787944117144233,3,0.060050874717427316,0.09591725769658854,2.3321119243783404,True
2025-02-24,2,181187.6,17761.032893563402,0.26359713811572677,3,0.06937076530202457,0.10555248292502539,2.352615683664454,True
2025-02-26,2,211790.2,18080.02338398306,0.1353352832366127,3,-0.06871697210559957,-0.037207395973834156,2.048822661367681,True
2025-02-28,2,246174.7,21642.647432772723,1.0,3,-0.04091846823609169,-0.00846834122152329,2.1099793698805986,True
2025-03-02,2,244001.9,21473.298822111545,0.513417119032592,3,-0.03994940626081367,-0.007466491435051736,2.1121113062262102,True
2025-03-03,2,212894.3,20984.525583562998,0.36787944117144233,3,0.0752852343873589,0.11166706562602902,2.3656275156521898,True
2025-03-05,2,209581.2,20049.146936106616,0.18887560283756183,3,0.04359535385668423,0.07890497109243677,2.2959097784847056,True
2025-03-06,2,248054.4,19860.491402253087,0.1353352832366127,3,-0.12656293858767553,-0.0970105568105668,1.921561535107114,True
2025-03-08,2,247361.0,21628.696625035685,1.0,3,-0.04613331233435347,-0.01385962741333524,2.0985067128644226,True
2025-03-09,2,228528.0,21018.498321117284,0.7165313105737893,3,0.0033462374748087775,0.03729404250215196,2.2073617224445794,True
2025-03-13,2,239312.8,16774.079309312223,0.18887560283756183,3,-0.2353524086401233,-0.20948087359411238,1.6822247009917288,True
2025-03-15,2,209581.2,19203.911467455033,0.0,3,-0.0004007229245738264,0.033420305247151116,2.199118409565938,False
2025-03-16,2,246174.7,18892.026180003184,0.0,3,-0.16281067447394004,-0.13448471985087784,1.841816516157332,False
2025-03-18,2,246174.7,17737.78795118901,0.0,3,-0.21396008084625162,-0.18736474523578628,1.7292878221382466,False
2025-03-19,2,247697.2,17359.31439158052,0.0,3,-0.23546031680115076,-0.20959243278314454,1.6819873030374686,False
2025-03-22,2,246174.7,28071.043842764473,0.513417119032592,3,0.24395223877106065,0.28604084835354016,2.7366949252963337,True
2025-03-23,2,247411.8,27887.308572151403,0.36787944117144233,3,0.22963086006192857,0.27123491171815917,2.7051878921362427,True
2025-03-25,2,227188.5,24277.261581386403,0.18887560283756183,3,0.16574057936526,0.20518292979491148,2.564629274603572,True
2025-03-26,2,229541.3,23255.691181965376,0.1353352832366127,3,0.10524097083097494,0.14263634202450426,2.431530135828145,True
2025-03-28,2,226214.6,19736.454645281767,0.0,3,-0.04821891271152112,-0.016015793216798135,2.0939183920346536,False
2025-03-29,2,226214.6,21213.571998855754,0.0,3,0.023014365306495366,0.0576276333055874,2.2506316036742904,False
2025-03-31,2,249501.3,22779.098749733894,0.0,3,-0.0040161751140931345,0.02968252572791119,2.1911644147489953,False
2025-04-01,2,246174.7,22372.743597966746,0.0,3,-0.008564674615219148,0.02498012962712326,2.1811577158465183,False
2025-04-02,2,246174.7,19264.917829119444,0.0,3,-0.14628619450321145,-0.11740114093377108,1.878170372092935,False
2025-04-04,2,248032.5,18940.02544652903,0.0,3,-0.16697021794853362,-0.1387849997588224,1.8326655205132258,False
2025-04-05,2,251201.0,18148.50987547216,0.0,3,-0.21185129001851144,-0.185184604342446,1.7339271619592749,False
2025-04-10,2,226221.6,13161.188829888188,0.0,3,-0.36532760171017264,-0.34385372357254684,1.3962792762376204,False
2025-04-11,2,274387.6,16834.27386887441,0.0,3,-0.3307036322921135,-0.30805826646741064,1.4724520089573503,False
2025-04-12,2,229541.3,18614.64557859793,0.0,3,-0.11532756476750838,-0.08539503876340138,1.9462793575114818,False
2025-04-14,2,246174.7,18300.15362220445,0.0,3,-0.18903916805846588,-0.16160064366946647,1.7841138302713753,False
2025-04-15,2,247541.5,18695.703927008002,0.0,3,-0.17608508573641912,-0.14820826532900477,1.812612811379878,False
2025-04-17,2,292748.1,12361.835847775383,0.0,3,-0.5393432405995442,-0.5237571096423859,1.0134448706810026,False
2025-04-27,2,246174.7,12202.287267168147,0.0,3,-0.4592626248904548,-0.4409669994168235,1.1896222252409996,False
2025-04-28,2,287467.4,12992.559967319321,0.0,3,-0.5069457690670258,-0.49026348305801537,1.0847193080525432,False
2025-05-01,2,248168.8,14362.145383535008,0.0,3,-0.36866378997455074,-0.34730279038722356,1.3889396620559884,False
2025-05-03,2,272788.1,13224.181947545403,0.0,3,-0.4711506731263876,-0.45325727484870904,1.1634685191219474,False
2025-05-04,2,253766.2,14333.84666220836,0.0,3,-0.38380589568271783,-0.36295722298025346,1.3556270294980208,False
2025-05-07,2,249562.5,14711.014229667455,0.0,3,-0.35693947770048684,-0.3351817908557665,1.4147331490589288,False
2025-05-08,2,244715.4,11900.878197530968,0.0,3,-0.46947449096017946,-0.4515243797520653,1.1671561198876053,False
2025-05-10,2,270009.9,15588.28151358704,0.0,3,-0.3701935367991239,-0.34888429556300404,1.3855742190419276,False
2025-05-13,2,231427.3,16277.028943444031,0.0,3,-0.2327284271391713,-0.2067681107641809,1.6879974602938232,False
2025-05-14,2,222887.9,16024.170444638186,0.0,3,-0.21570829047550055,-0.1891721048148972,1.7254417609538988,False
2025-05-16,2,249501.3,22123.936279638037,0.7165313105737893,3,-0.03266222604248592,6.724751246744987e-05,2.128143102706531,True
2025-05-20,2,249501.3,18901.869570097657,0.18887560283756183,3,-0.17354252866828968,-0.14557968189390846,1.8182064369297628,True
2025-05-21,2,248317.0,18100.789575289575,0.1353352832366127,3,-0.20479403744746028,-0.1778885725490661,1.7494531176155874,True
2025-05-30,2,248014.9,31742.489369336592,0.7165313105737893,3,0.3962133009385511,0.44345360059436656,3.0716692620648125,True
2025-05-31,2,202927.9,32167.76102231133,0.513417119032592,3,0.7292892171766692,0.7877990027202406,3.8044362777886724,True
2025-06-05,2,249501.3,21294.239277595243,0.0,3,-0.06893955214172898,-0.03743750691344161,2.048332985288196,False
2025-06-06,2,247956.4,21586.66261381278,0.0,3,-0.05027309285843162,-0.018139475699506358,2.089399195711451,False
2025-06-08,2,246174.7,20887.24716982364,0.0,3,-0.07439359846378257,-0.043076088637369114,2.0363340833796784,False
2025-06-09,2,262808.0,21186.69585680339,0.0,3,-0.12054583130982355,-0.09078986319624605,1.9347991711183885,False
2025-06-10,2,264491.4,21162.148998604946,0.0,3,-0.12715571373016865,-0.09762338825487349,1.920257429793629,False
2025-06-12,2,247689.3,16148.163570184353,0.0,3,-0.2887791906957179,-0.26471532872677594,1.5646857804694208,False
2025-06-13,2,248610.0,19331.91917924863,0.0,3,-0.15170884608977342,-0.12300726569431475,1.8662405386024985,False
2025-06-15,2,259481.4,20541.31390284814,0.0,3,-0.13640414781813537,-0.10718473928566608,1.8999108748001026,False
2025-06-16,2,259481.4,21172.96824565744,0.0,3,-0.10984819949648772,-0.07973028143433869,1.9583339611077273,False
2025-06-18,2,259481.4,20994.61941088554,0.0,3,-0.11734632326203354,-0.08748210111676391,1.9418380888235265,False
2025-06-19,2,306054.8,20502.59461739288,0.0,3,-0.26920058579908945,-0.24447428982988562,1.6077587112420033,False
2025-06-22,2,266134.7,19758.894249012377,0.0,3,-0.19006588157955517,-0.1626620956179612,1.7818550605249788,False
2025-06-23,2,282454.4,20842.257613504946,0.0,3,-0.19502021191237395,-0.16778405366880766,1.7709555337927774,False
2025-06-25,2,306054.8,21083.79187943704,0.0,3,-0.24848425079060565,-0.22305702619329526,1.6533346482606677,False
2025-06-26,2,306054.8,17684.43212693539,0.0,3,-0.3696518474848751,-0.3483242784148144,1.3867659355332749,False
2025-06-28,2,301789.1,18641.910119724154,0.0,3,-0.3261310888459107,-0.30333101290460684,1.4825116045389968,False
2025-06-29,2,272788.1,18841.15364074208,0.0,3,-0.2465219051014157,-0.22102828534920804,1.6576518087768854,False
2025-07-02,2,264298.6,22806.164217212605,0.0,4,-0.05866123114829813,-0.026811423179631366,2.0709452914737443,False
2025-07-03,2,263869.2,18150.785602517113,0.0,4,-0.24959574588744138,-0.22420612826709152,1.6508893590476292,False
2025-07-05,2,263738.2,16062.33272865268,0.0,4,-0.3356083876020298,-0.3131289721449557,1.4616615472755343,False
2025-07-06,2,289421.4,17146.08063256213,0.0,4,-0.35371692502619634,-0.33185020444437585,1.421822764942368,False
2025-07-08,2,276114.7,19077.86463127175,0.0,4,-0.24624744856440595,-0.22074454268876553,1.658255613158307,False
2025-07-12,2,276114.7,17893.454490742966,0.0,4,-0.2930426314962732,-0.2691230212837411,1.555306210708199,False
2025-07-15,2,262808.0,22128.864727482644,0.0,4,-0.08143664946621343,-0.050357438357927276,2.020839371174331,False
2025-07-17,2,262808.0,42324.853945853385,1.0,4,0.7568935474160206,0.8163373140579164,3.865165804315246,True
2025-07-18,2,293089.3,33217.05726226541,0.7165313105737893,4,0.23637368340137854,0.2782058756969139,2.720022103483033,True
2025-07-19,2,259481.4,28227.595078908602,0.513417119032592,4,0.18674171197172917,0.226894627038442,2.610831766337805,True
2025-07-21,2,259481.4,30784.791977123525,0.26359713811572677,4,0.2942511266545229,0.33804157830824755,2.8473524786399507,True
2025-07-22,2,256154.7,29449.002164745125,0.18887560283756183,4,0.2541711777969309,0.29660554095547376,2.759176591153248,True
2025-07-25,2,288003.5,22094.137908256133,0.0,4,-0.1631110073344324,-0.13479521434950714,1.8411557838642487,False
2025-07-31,2,278755.7,28600.186784311903,1.0,4,0.11926693390319532,0.15713686775706281,2.46238725458703,True
2025-08-03,2,332668.2,25126.964591843956,0.36787944117144233,4,-0.1760188049175302,-0.1481397419260181,1.8127586291814337,True
2025-08-06,2,324736.8,26795.71602939345,0.1353352832366127,4,-0.09983438237108455,-0.06937765094754977,1.9803643587836142,True
2025-08-07,2,311062.3,26586.002269113484,0.0,4,-0.06761727260726813,-0.03607048859773965,2.0512420002640104,False
2025-08-09,2,331098.1,24307.65766601888,0.0,4,-0.19910610400464235,-0.1720081902303633,1.761966571189787,False
2025-08-10,2,329341.5,25525.805299651005,0.0,4,-0.15448453795939077,-0.12587687195049801,1.8601340164893403,False
2025-08-16,2,297573.1,25823.038451840956,0.513417119032592,4,-0.053322111373362846,-0.021291656495018074,2.0826913549786017,True
2025-08-25,2,351278.0,29158.694038652957,0.0,4,-0.09446408810676388,-0.06382565499759418,1.9921790061651197,False
2025-08-26,2,312563.5,29172.438497185834,0.0,4,0.018176414090780302,0.05262599201114515,2.239988110999717,False
2025-08-28,2,299401.5,42953.08218155438,1.0,4,0.5650525409666605,0.6180054464880891,3.4431155901266535,True
2025-09-04,2,299401.5,28529.270222735842,0.0,4,0.03950181421885168,0.07467292823377547,2.286903991281474,False
2025-09-09,2,317495.8,28356.57567788593,0.0,4,-0.025673845321501187,0.007292077205214964,2.1435175402926974,False
2025-09-10,2,312708.2,26818.92530203014,0.0,4,-0.06439903333534214,-0.03274336153089885,2.0583221266622473,False
2025-09-12,2,312708.2,28489.95198395411,0.0,4,-0.00610384956777521,0.02752421567241292,2.1865715309508946,False
2025-09-19,2,355954.9,28233.505393879535,0.0,4,-0.134716569362747,-0.10544006231111058,1.903623547401957,False
2025-09-25,2,344328.8,54255.79459883507,1.0,4,0.7189424632027741,0.7771021706043717,3.781673419046103,True
2025-09-26,2,354486.8,47489.574173246954,0.7165313105737893,4,0.46145944472394107,0.5109073206732473,3.2152107783926707,True
2025-09-28,2,340933.4,42220.13778357454,0.36787944117144233,4,0.3509480774701408,0.3966568470086045,2.97208577043431,True
2025-09-29,2,368995.2,40799.708290420764,0.26359713811572677,4,0.20621549224648472,0.2470272946157268,2.653674082942267,True
2025-10-01,2,368522.6,47635.19977581268,0.1353352832366127,4,0.4101081584332886,0.4578185848464451,3.102237948553235,True
2025-10-02,2,361408.3,33459.51291665436,0.09697196786440505,4,0.009973672939121547,0.04414571450473104,2.221942080466068,True
2025-10-03,2,372324.9,35542.23321100497,0.06948345122280154,4,0.04138469710449999,0.07661951768322361,2.2910463336299003,True
2025-10-12,2,402420.3,32068.01384862884,0.0,4,-0.1306778550965788,-0.10126469981789166,1.9125087187875267,False
2025-10-14,2,365122.1,30585.427416897845,0.0,4,-0.08617087767533071,-0.05525184722073673,2.0104240691142725,False
2025-10-18,2,375915.0,31009.457775110124,0.0,4,-0.10010243296944188,-0.06965477092705452,1.979774647467228,False
2025-10-19,2,378386.2,31080.069136178223,0.0,4,-0.10394380221213473,-0.07362611130953767,1.9713236351333039,False
2025-10-22,2,381323.6,31376.493523477395,0.0,4,-0.10236602125827776,-0.07199494678957286,1.974794753231789,False
2025-10-24,2,374615.3,32184.950035310336,0.0,4,-0.06274904991934627,-0.03103755160834676,2.061952090177438,False
2025-10-25,2,323827.0,32414.021393773997,0.0,4,0.09196424669313608,0.1289104054158361,2.4023213427248993,False
2025-11-02,2,379241.7,27698.0627261001,0.0,4,-0.20325036965943266,-0.17629267539978932,1.7528491867492484,False
2025-11-03,2,362608.3,26919.84545721305,0.0,4,-0.1901149495160065,-0.16271282374775098,1.7817471110647858,False
2025-11-05,2,329341.5,25277.340982687758,0.0,4,-0.16271465721680978,-0.13438545388955891,1.8420277541230188,False
2025-11-06,2,331964.5,38101.46437112236,1.0,4,0.25209875933740533,0.29446300307438533,2.7546172705422918,True
2025-11-07,2,333964.8,35618.083610886184,0.7165313105737893,4,0.1634786424160819,0.20284446114444576,2.5596530133153808,True
2025-11-12,2,320764.5,31236.016346992154,0.1353352832366127,4,0.062326229888865825,0.09826959856931627,2.337117705755505,True
2025-11-13,2,312708.2,23956.693665461815,0.0,4,-0.1642504127561566,-0.13597317108249274,1.8386490919364555,False
2025-11-15,2,316034.8,33003.2872826311,0.0,4,0.13922853200048402,0.17777385827117698,2.506302770401065,False
2025-11-16,2,313758.0,31858.418986873097,0.0,4,0.10768933046394502,0.1451675408931763,2.4369165270206796,False
2025-11-18,2,317681.3,28349.03303240704,0.0,4,-0.026501784853721233,0.006436124681303168,2.141696073321813,False
2025-11-19,2,312708.2,32690.871279113217,0.0,4,0.1404487847815794,0.17903539780050504,2.508987326519475,False
2025-11-22,2,309381.5,30014.741774666265,0.0,4,0.05834882380725048,0.09415761859772132,2.3283674123759512,False
2025-11-24,2,304471.6,26921.093421862683,0.0,4,-0.03542840937798708,-0.0027925284922797333,2.1220574993684287,False
2025-11-25,2,299401.5,26562.68316148999,0.0,4,-0.03215339469550882,0.0005932949576505919,2.1292625316698808,False
2025-11-28,2,296074.8,25271.72787470837,0.0,4,-0.06884484321191675,-0.03733959354615446,2.0485413449337835,False
2025-11-29,2,298287.0,25512.57448353266,0.0,4,-0.0669422590799773,-0.03537263626689391,2.05272703002405,False
2025-12-01,2,292748.1,23929.722156694646,0.0,4,-0.10827255774958444,-0.07810132850051021,1.9618003729509141,False
2025-12-02,2,330608.9,23828.474175392465,0.0,4,-0.21373262787456293,-0.18712959648686012,1.7297882186759617,False
2025-12-05,2,297987.6,22635.926478836223,0.0,4,-0.17131659247189324,-0.14327843206680702,1.823103496561835,False
2025-12-11,2,282768.1,19841.991429668025,0.0,4,-0.23450315532886767,-0.2086028861482655,1.6840930582764913,False
2025-12-13,2,282768.1,22341.97220095078,0.0,4,-0.13805480240326273,-0.10889124308608,1.896279434712822,False
2025-12-15,2,286877.9,21114.31390712473,0.0,4,-0.1970870886328081,-0.16992086230835424,1.7664084050078224,False
2025-12-17,2,297701.5,21694.562211981567,0.0,4,-0.20501592567240923,-0.17811796827034787,1.7489649635206999,False
2025-12-18,2,332668.2,18317.285355782653,0.0,4,-0.3993266228813197,-0.3790030875652741,1.3214814296610966,False
2025-12-21,2,327736.0,20740.734256751664,0.0,4,-0.3096194634455782,-0.28626072348696996,1.518837180419728,False
2025-12-23,2,329341.5,22224.40490354858,0.0,4,-0.2638399549001349,-0.23893228420126733,1.6195520992197034,False
2025-12-29,2,345974.9,22533.24971375638,0.0,4,-0.2894939210774683,-0.26545424171542764,1.56311337362957,False
2026-01-03,2,370222.6,25777.30438285503,0.36787944117144233,4,-0.2404381663791647,-0.21473870584312138,1.6710360339658377,True
2026-01-06,2,349447.7,26084.982281160308,0.1353352832366127,4,-0.18567658889383631,-0.15812429302934217,1.79151150443356,True
2026-01-08,2,342648.2,42033.47937763869,1.0,4,0.3382444377529441,0.38352338489496085,2.944137763056477,True
2026-01-14,2,326014.9,30383.380962759995,1.0,4,0.016686860165872064,0.05108603964516867,2.236711092364919,True
2026-01-15,2,359183.6,60922.72221917611,0.7165313105737893,4,0.850339255796436,0.9129447193384208,4.07074636275216,True
2026-01-17,2,326014.9,41807.09556242157,0.36787944117144233,4,0.3989465086887378,0.44627928529850713,3.0776823191152234,True
2026-01-25,2,335994.9,27025.527757068317,0.0,4,-0.12253448142213474,-0.09284579846273322,1.9304241408713039,False
