date,model_dau
2023-02-27,129967.63782936014
2023-02-28,147588.25218953213
2023-03-01,150300.79438943323
2023-03-02,146526.7605672635
2023-03-03,139870.6549086535
2023-03-04,132123.07579271175
2023-03-05,124208.00274574055
2023-03-06,116594.40672118841
2023-03-07,109502.70522576815
2023-03-08,103016.26061400377
2023-03-09,97143.99074554826
2023-03-10,91856.1678673425
2023-03-11,87104.9427881351
2023-03-12,82835.97442931673
2023-03-13,77772.6675408546
2023-03-14,74142.42717129682
2023-03-15,70982.50278921882
2023-03-16,68172.4551805
2023-03-17,65642.29892461511
2023-03-18,63343.900645465714
2023-03-19,61241.58212239836
2023-03-20,59307.726182646955
2023-03-21,57520.32773248371
2023-03-22,55861.47891139499
2023-03-23,101115.90479949371
2023-03-24,106017.04711620783
2023-03-25,105640.79238085107
2023-03-26,103010.59960214562
2023-03-27,99416.63364876955
2023-03-28,95496.91650695214
2023-03-29,91578.26086104276
2023-03-30,83286.10561619661
2023-03-31,79156.44043108684
2023-04-01,75812.81247627485
2023-04-02,72960.73700871035
2023-04-03,70460.3941420461
2023-04-04,68229.1063745287
2023-04-05,66212.40631459757
2023-04-06,102101.14220409738
2023-04-07,105523.80067886563
2023-04-08,104744.99760960817
2023-04-09,102192.50736068921
2023-04-10,98899.10605077556
2023-04-11,95373.49470560982
2023-04-12,91874.69717759774
2023-04-13,84872.44909619796
2023-04-14,81245.49273952683
2023-04-15,78269.4275545633
2023-04-16,75704.90270908547
2023-04-17,73437.57510465434
2023-04-18,71399.4229449617
2023-04-19,69545.37125165288
2023-04-20,99186.84407813346
2023-04-21,101862.89785780689
2023-04-22,101053.99901539112
2023-04-23,98776.7686484183
2023-04-24,95888.93604910767
2023-04-25,92812.86268402664
2023-04-26,89763.50157471649
2023-04-27,83807.88571028486
2023-04-28,80660.29005062665
2023-04-29,78057.24034187308
2023-04-30,75799.71711812852
2023-05-01,73792.56221793302
2023-05-02,71979.10969621682
2023-05-03,70321.76681777158
2023-05-04,68793.87418105679
2023-05-05,67375.6312576501
2023-05-06,66051.81739607386
2023-05-07,64810.414951438615
2023-05-08,63641.728475232805
2023-05-09,62537.79562810244
2023-05-10,61491.97885562033
2023-05-11,60498.67388264229
2023-05-12,59553.09636801832
2023-05-13,58651.12240525921
2023-05-14,57789.167058164676
2023-05-15,56964.090352392144
2023-05-16,56173.12346723511
2023-05-17,55413.810041950375
2023-05-18,54683.958962792996
2023-05-19,53981.60598930875
2023-05-20,53304.98226992471
2023-05-21,52652.48828709345
2023-05-22,52022.67212524307
2023-05-23,51414.21121261234
2023-05-24,50825.89687883082
2023-05-25,50256.62121296781
2023-05-26,49705.3658149407
2023-05-27,49171.192115909056
2023-05-28,48653.233007165
2023-05-29,48150.685566794695
2023-05-30,47662.80471247217
2023-05-31,47188.89763968165
2023-06-01,66455.11386871988
2023-06-02,68681.75961990749
2023-06-03,68657.78587518766
2023-06-04,67660.8999285294
2023-06-05,66237.70746909971
2023-06-06,64659.52537644982
2023-06-07,63066.160740640684
2023-06-08,59615.43773271634
2023-06-09,67475.14086193916
2023-06-10,67384.26106993039
2023-06-11,66393.27753444905
2023-06-12,65064.28538608756
2023-06-13,63628.71938673859
2023-06-14,62196.2613497093
2023-06-15,73293.29272438458
2023-06-16,72758.7670500049
2023-06-17,71682.0956035543
2023-06-18,70175.42652168678
2023-06-19,68519.97332610973
2023-06-20,66855.40660210604
2023-06-21,65250.59677461132
2023-06-22,62527.42898197472
2023-06-23,60952.46533317947
2023-06-24,59619.40255726296
2023-06-25,58444.89970961605
2023-06-26,57387.895097310946
2023-06-27,56423.32329434233
2023-06-28,55534.20854704575
2023-06-29,84156.75997298468
2023-06-30,87377.36417164818
2023-07-01,87266.84961542528
2023-07-02,85727.65587415278
2023-07-03,83571.84142980113
2023-07-04,81201.2703913873
2023-07-05,78822.06805937295
2023-07-06,73682.07737806239
2023-07-07,71153.07598676904
2023-07-08,69110.97062442472
2023-07-09,67370.97026424306
2023-07-10,65845.58377132865
2023-07-11,64483.25082788834
2023-07-12,63250.134919676326
2023-07-13,77310.82005816424
2023-07-14,78330.43596677508
2023-07-15,77682.67489761212
2023-07-16,76341.35124357893
2023-07-17,74719.4455748508
2023-07-18,73019.5101499745
2023-07-19,71343.99707947011
2023-07-20,68270.25367281979
2023-07-21,66566.13541494531
2023-07-22,65133.84124985419
2023-07-23,63876.11170506434
2023-07-24,62746.13822613968
2023-07-25,61715.86418278161
2023-07-26,60766.55720430124
2023-07-27,59884.85082395388
2023-07-28,59060.758939650055
2023-07-29,58286.562476322666
2023-07-30,57556.134878605095
2023-07-31,56864.5093035261
2023-08-01,56207.5882226189
2023-08-02,55581.941454880114
2023-08-03,54984.66148194566
2023-08-04,54413.257185439405
2023-08-05,53865.57412406679
2023-08-06,53339.73360919955
2023-08-07,52834.085388915744
2023-08-08,52347.17037324964
2023-08-09,51877.69089469816
2023-08-10,51424.486709233955
2023-08-11,50986.51543007585
2023-08-12,50562.836426437294
2023-08-13,50152.59746095698
2023-08-14,49755.02351375482
2023-08-15,49369.40736858574
2023-08-16,48995.10163113069
2023-08-17,48631.51192043424
2023-08-18,48278.091028350034
2023-08-19,47934.33388313761
2023-08-20,47599.773185302554
2023-08-21,47273.97560871369
2023-08-22,46956.538479666146
2023-08-23,46647.08686213287
2023-08-24,46345.270989891826
2023-08-25,46050.7639962253
2023-08-26,45763.259899990946
2023-08-27,45482.47181346352
2023-08-28,45208.130342751
2023-08-29,44939.9821560391
2023-08-30,44677.78869860139
2023-08-31,44421.32503657516
2023-09-01,44170.37881406165
2023-09-02,43924.749310256215
2023-09-03,43684.24658512279
2023-09-04,43448.69070365644
2023-09-05,43217.911030077186
2023-09-06,42991.74558440455
2023-09-07,42770.040454808855
2023-09-08,42552.64925994689
2023-09-09,42339.43265618786
2023-09-10,42130.25788523894
2023-09-11,41924.99835820108
2023-09-12,41723.533272539076
2023-09-13,41525.747258844145
2023-09-14,41331.53005461121
2023-09-15,59641.514926130236
2023-09-16,61962.39699945113
2023-09-17,62164.39848146697
2023-09-18,61446.216696762094
2023-09-19,60320.85969542501
2023-09-20,59043.131787562124
2023-09-21,57744.47852120874
2023-09-22,54697.52569470809
2023-09-23,53278.44777603412
2023-09-24,52154.00650954168
2023-09-25,51209.152395475954
2023-09-26,50389.83039324438
2023-09-27,49664.447250273304
2023-09-28,49012.45063181185
2023-09-29,48419.55774099025
2023-09-30,47875.37733352759
2023-10-01,47372.08664825631
2023-10-02,46903.636986511425
2023-10-03,46465.2490406956
2023-10-04,46053.07796165361
2023-10-05,45663.98313591763
2023-10-06,45295.36529394872
2023-10-07,44945.04841918404
2023-10-08,44611.19233561137
2023-10-09,44292.226825515376
2023-10-10,43986.80118198786
2023-10-11,43693.745034701715
2023-10-12,43412.03754643837
2023-10-13,43140.78291734505
2023-10-14,42879.190705653935
2023-10-15,42626.559870440266
2023-10-16,42382.26572215971
2023-10-17,42145.74916755658
2023-10-18,41916.50778155247
2023-10-19,41694.08834624408
2023-10-20,41478.08057724254
2023-10-21,41268.111817914105
2023-10-22,41063.8425279717
2023-10-23,40864.96242809911
2023-10-24,40671.18718957518
2023-10-25,40482.25557916591
2023-10-26,41345.09780307778
2023-10-27,41307.12230242617
2023-10-28,41153.20532846112
2023-10-29,40951.00968186546
2023-10-30,40729.40036709297
2023-10-31,40502.63968166198
2023-11-01,40278.01853757768
2023-11-02,39957.625659449965
2023-11-03,39732.42767306161
2023-11-04,39526.8393220931
2023-11-05,39334.23430448117
2023-11-06,39151.445633437106
2023-11-07,38976.58406433776
2023-11-08,38808.39114843652
2023-11-09,38645.968707903776
2023-11-10,38488.643824776824
2023-11-11,38335.89357883699
2023-11-12,38187.29974254155
2023-11-13,38042.51990712624
2023-11-14,37901.268243788414
2023-11-15,37763.30221630269
2023-11-16,53585.904156757126
2023-11-17,55617.37801727557
2023-11-18,55821.16660185629
2023-11-19,55231.12330674124
2023-11-20,54289.68373218697
2023-11-21,53216.583718854214
2023-11-22,52125.16582551919
2023-11-23,49525.4862196119
2023-11-24,56093.48590737679
2023-11-25,56203.98725346289
2023-11-26,55578.472086104615
2023-11-27,54673.38179778731
2023-11-28,53676.78077939752
2023-11-29,52677.901093453176
2023-11-30,70034.19190889192
2023-12-01,70865.70206532818
2023-12-02,70313.28852054874
2023-12-03,68998.99317211678
2023-12-04,67378.37658679952
2023-12-05,65677.79244066383
2023-12-06,64011.506806679536
2023-12-07,60658.7668775974
2023-12-08,58954.00722067534
2023-12-09,57571.55708057616
2023-12-10,56392.98405295105
2023-12-11,55361.16715898273
2023-12-12,54441.906444502885
2023-12-13,53612.45001854271
2023-12-14,75364.9897711165
2023-12-15,77722.48657851545
2023-12-16,77550.64152313196
2023-12-17,76300.70265416549
2023-12-18,74591.11540434987
2023-12-19,72727.24921009551
2023-12-20,70865.20191583998
2023-12-21,66900.22694324382
2023-12-22,78724.54396456815
2023-12-23,79008.27538843533
2023-12-24,77946.12773008272
2023-12-25,76364.01469791147
2023-12-26,74604.39615886111
2023-12-27,72830.92446351101
2023-12-28,71123.10180087175
2023-12-29,68180.03746548717
2023-12-30,88545.08376847325
2023-12-31,90129.03368164293
2024-01-01,89361.6851568906
2024-01-02,87625.45882288789
2024-01-03,85503.65112368567
2024-01-04,83280.92853280064
2024-01-05,81100.24599684642
2024-01-06,76893.72084880521
2024-01-07,74674.97881839161
2024-01-08,72849.5174967058
2024-01-09,71275.10481563296
2024-01-10,69883.06512996418
2024-01-11,93082.57180501448
2024-01-12,95260.22187526675
2024-01-13,94727.28066415628
2024-01-14,93053.4374973849
2024-01-15,90905.52968796919
2024-01-16,88611.50742291505
2024-01-17,86338.00321205087
2024-01-18,81796.33320937306
2024-01-19,79443.5957357093
2024-01-20,77513.74242141584
2024-01-21,75851.28069894135
2024-01-22,74381.81875429991
2024-01-23,73061.05073832377
2024-01-24,71859.5929328811
2024-01-25,70756.62277756238
2024-01-26,69736.69221122088
2024-01-27,68787.94373262514
2024-01-28,67901.03172001363
2024-01-29,67068.43183739609
2024-01-30,66283.97883846365
2024-01-31,65542.54600194452
2024-02-01,83321.18418976155
2024-02-02,85159.12939446693
2024-02-03,84909.01926536753
2024-02-04,83765.65101200837
2024-02-05,82239.193897085
2024-02-06,80582.16938528072
2024-02-07,78924.10901421601
2024-02-08,75537.87357547125
2024-02-09,73794.70182130326
2024-02-10,72361.49892735376
2024-02-11,71122.21136160976
2024-02-12,70021.82731495562
2024-02-13,69027.8702187314
2024-02-14,68118.97788450864
2024-02-15,67280.12597442334
2024-02-16,66500.24384236174
2024-02-17,65770.88541339997
2024-02-18,65085.42918068596
2024-02-19,64438.568504533076
2024-02-20,63825.97219412596
2024-02-21,63244.05030046902
2024-02-22,110160.84386636603
2024-02-23,116067.65942589458
2024-02-24,116552.15802217473
2024-02-25,114688.41237504059
2024-02-26,111791.31730256134
2024-02-27,108513.43448217705
2024-02-28,105190.95917934083
2024-02-29,97390.67427471081
2024-03-01,93774.67473599318
2024-03-02,90921.26746940007
2024-03-03,88534.59354448199
2024-03-04,86475.37122569064
2024-03-05,84662.01541833201
2024-03-06,83041.32483443197
2024-03-07,81576.23233601492
2024-03-08,80239.69751130274
2024-03-09,79011.30690067369
2024-03-10,77875.23138014381
2024-03-11,76818.92759389935
2024-03-12,75832.2754074544
2024-03-13,74906.98444712948
2024-03-14,74036.17375255922
2024-03-15,73214.0666801374
2024-03-16,72435.76477798993
2024-03-17,71697.07712279318
2024-03-18,70994.38944812928
2024-03-19,70324.5623610378
2024-03-20,69684.85117778368
2024-03-21,69072.84206713375
2024-03-22,68486.4006591913
2024-03-23,67923.63029834474
2024-03-24,67382.83783963502
2024-03-25,66862.50540479066
2024-03-26,66361.2668901804
2024-03-27,65877.88829594666
2024-03-28,79636.89579536903
2024-03-29,81114.6524561859
2024-03-30,80975.43884800648
2024-03-31,80140.1840173525
2024-04-01,79002.64224112476
2024-04-02,77758.08905069824
2024-04-03,76507.00017925614
2024-04-04,73920.60996261341
2024-04-05,80621.48800607039
2024-04-06,80618.18246029837
2024-04-07,79839.81863519378
2024-04-08,78764.56109039225
2024-04-09,77590.36759732635
2024-04-10,76411.6812340032
2024-04-11,108195.80055534405
2024-04-12,110805.33228023433
2024-04-13,110380.69654669867
2024-04-14,108471.76284023674
2024-04-15,105937.76575788416
2024-04-16,103205.66415422843
2024-04-17,100493.19762048604
2024-04-18,94715.60209549018
2024-04-19,91872.78354700189
2024-04-20,89586.33449853619
2024-04-21,87646.90597846986
2024-04-22,85954.62945929737
2024-04-23,84450.29957279598
2024-04-24,83094.88162371985
2024-04-25,81860.90200015958
2024-04-26,80728.13051156106
2024-04-27,79681.16224909767
2024-04-28,78707.95573475293
2024-04-29,77798.89780018567
2024-04-30,76946.17863381038
2024-05-01,76143.3591944456
2024-05-02,133087.6569625806
2024-05-03,140192.48609623546
2024-05-04,140714.59487563715
2024-05-05,138389.60438533826
2024-05-06,134814.9484040562
2024-05-07,130783.09680482409
2024-05-08,126702.06814729779
2024-05-09,117182.59237508048
2024-05-10,112753.24378225385
2024-05-11,109254.424748288
2024-05-12,106326.14114336646
2024-05-13,103798.76759280034
2024-05-14,101572.84875968297
2024-05-15,99583.46344697927
2024-05-16,97785.33036940442
2024-05-17,96145.38068521515
2024-05-18,94638.6223216803
2024-05-19,93245.65443136501
2024-05-20,91951.08664863877
2024-05-21,90742.48866503243
2024-05-22,89609.66715806891
2024-05-23,88544.15337278826
2024-05-24,87538.83098795227
2024-05-25,86587.66013930246
2024-05-26,85685.46899907885
2024-05-27,84827.79384394262
2024-05-28,84010.75458417284
2024-05-29,83230.95666111948
2024-05-30,82485.41284431721
2024-05-31,81771.48024801501
2024-06-01,81086.80912884738
2024-06-02,80429.30090373094
2024-06-03,79797.07345649457
2024-06-04,79188.43225968668
2024-06-05,78601.84617547844
2024-06-06,78035.9270512279
2024-06-07,77489.41241496973
2024-06-08,76961.15072053828
2024-06-09,76450.08870305156
2024-06-10,75955.26049155279
2024-06-11,75475.77819288286
2024-06-12,75010.82371383891
2024-06-13,116112.11508642448
2024-06-14,121307.56351689613
2024-06-15,121749.11790856619
2024-06-16,120128.64655580572
2024-06-17,117597.99983314643
2024-06-18,114729.13509577187
2024-06-19,111816.97421487531
2024-06-20,104981.57302461355
2024-06-21,101805.52859616515
2024-06-22,99294.16440352822
2024-06-23,97188.86191336974
2024-06-24,95368.01217538351
2024-06-25,93760.47036459326
2024-06-26,92319.90330646632
2024-06-27,100050.5192962267
2024-06-28,100081.07008625018
2024-06-29,99168.62648837041
2024-06-30,97885.00858085713
2024-07-01,96469.97852513002
2024-07-02,95039.28749961728
2024-07-03,93650.02135980003
2024-07-04,91452.57072259841
2024-07-05,90091.04443405347
2024-07-06,88910.0582621376
2024-07-07,87849.84712369424
2024-07-08,86880.93479214463
2024-07-09,85985.2248137587
2024-07-10,85150.35266172982
2024-07-11,84367.29993982508
2024-07-12,83629.18844879759
2024-07-13,82930.59789263495
2024-07-14,82267.14834561656
2024-07-15,81635.22941329767
2024-07-16,81031.81641862815
2024-07-17,80454.34104102463
2024-07-18,79900.59752158378
2024-07-19,79368.67293588948
2024-07-20,78856.89424577987
2024-07-21,78363.78735011857
2024-07-22,77888.04490715491
2024-07-23,77428.50069357103
2024-07-24,76984.10891795256
2024-07-25,88107.17699937345
2024-07-26,89256.7072640889
2024-07-27,89093.5932406334
2024-07-28,88365.7432859799
2024-07-29,87392.92778618008
2024-07-30,86333.72638871608
2024-07-31,85269.72950761
2024-08-01,83121.78124944358
2024-08-02,81997.80043711032
2024-08-03,81064.82736116365
2024-08-04,80250.65972668506
2024-08-05,79521.21084459644
2024-08-06,78856.44443938548
2024-08-07,78243.24039664876
2024-08-08,133296.26867077884
2024-08-09,140302.39270131176
2024-08-10,140958.64664367575
2024-08-11,138865.28737191914
2024-08-12,135561.79047423997
2024-08-13,131811.90786778726
2024-08-14,128008.94513715443
2024-08-15,118957.86612904423
2024-08-16,114808.10058305765
2024-08-17,111550.08650983762
2024-08-18,108837.00626439098
2024-08-19,106505.56360221542
2024-08-20,104460.10769476074
2024-08-21,102638.27605467594
2024-08-22,127300.41244600923
2024-08-23,129373.47535415301
2024-08-24,128553.96354897364
2024-08-25,126527.76819569632
2024-08-26,124009.7398945198
2024-08-27,121350.46208143746
2024-08-28,118727.27284820331
2024-08-29,113676.34668002972
2024-08-30,110991.21666190229
2024-08-31,108770.74366566178
2024-09-01,106846.59674081109
2024-09-02,105137.83645501631
2024-09-03,103596.01094847026
2024-09-04,102188.824107314
2024-09-05,133290.14628306753
2024-09-06,136481.36411545504
2024-09-07,136037.7452702824
2024-09-08,134048.04506599816
2024-09-09,131402.29934226966
2024-09-10,128539.89634704505
2024-09-11,125685.3555069075
2024-09-12,119809.0899370511
2024-09-13,116819.11080776244
2024-09-14,114377.2929970266
2024-09-15,112279.16508220133
2024-09-16,110427.45059317791
2024-09-17,108764.52870227004
2024-09-18,107252.38378355074
2024-09-19,105864.20892466998
2024-09-20,104580.20822029651
2024-09-21,103385.2523407377
2024-09-22,102267.46456263294
2024-09-23,101217.31796346161
2024-09-24,100227.03289159882
2024-09-25,99290.16026653087
2024-09-26,98401.28480546245
2024-09-27,97555.808367789
2024-09-28,96749.78840380283
2024-09-29,95979.81525937896
2024-09-30,95242.91747775371
2024-10-01,94536.48766008433
2024-10-02,93858.22367814629
2024-10-03,116733.8827545612
2024-10-04,119295.86557748892
2024-10-05,119181.72994378227
2024-10-06,117914.53115608882
2024-10-07,116145.45478914725
2024-10-08,114197.44186094418
2024-10-09,112236.65929238943
2024-10-10,145825.90034953656
2024-10-11,148856.4675408738
2024-10-12,147941.7431426728
2024-10-13,145381.48585813396
2024-10-14,142153.5635342924
2024-10-15,138737.45268608318
2024-10-16,135374.93126151635
2024-10-17,128521.89041718387
2024-10-18,125055.66238868407
2024-10-19,149724.32224698598
2024-10-20,151051.7508752999
2024-10-21,149523.14012093138
2024-10-22,146849.4925900416
2024-10-23,143746.78750917106
2024-10-24,194782.7948816981
2024-10-25,199036.34700913096
2024-10-26,194574.4230276645
2024-10-27,189910.753430185
2024-10-28,184557.3493136793
2024-10-29,179081.00958754477
2024-10-30,173779.2134674022
2024-10-31,163536.24905959528
2024-11-01,158211.2344702933
2024-11-02,153871.0873167748
2024-11-03,150159.40618124983
2024-11-04,146902.89349235842
2024-11-05,143997.1530524909
2024-11-06,141372.39593589242
2024-11-07,138978.90116726543
2024-11-08,136779.65753839174
2024-11-09,134746.20578472776
2024-11-10,132856.10343954657
2024-11-11,131091.2898300198
2024-11-12,129436.98483259985
2024-11-13,127880.92091967011
2024-11-14,149051.06940157345
2024-11-15,150731.35462782998
2024-11-16,149886.581980236
2024-11-17,147977.16522109183
2024-11-18,145625.31641508426
2024-11-19,143137.99398691775
2024-11-20,140671.79242544045
2024-11-21,136109.2694066717
2024-11-22,133578.31753140705
2024-11-23,188756.9849761898
2024-11-24,194647.2087137186
2024-11-25,194148.5517889483
2024-11-26,190933.85726046102
2024-11-27,186565.5117364059
2024-11-28,181813.86694365132
2024-11-29,177072.03831536463
2024-11-30,166978.07844295708
2024-12-01,161982.3316993375
2024-12-02,157947.7652496236
2024-12-03,154512.34160488518
2024-12-04,151503.91794871556
2024-12-05,148820.66999921645
2024-12-06,146395.55992450414
2024-12-07,144181.44180066767
2024-12-08,142143.60856321242
2024-12-09,140255.62648525348
2024-12-10,138496.82170587734
2024-12-11,136850.6751059051
2024-12-12,172226.6510321889
2024-12-13,175773.75105503233
2024-12-14,175164.4256659215
2024-12-15,172783.31863955085
2024-12-16,169647.74538149833
2024-12-17,166260.63166410773
2024-12-18,162879.4639573436
2024-12-19,156052.6080487372
2024-12-20,152514.37172348017
2024-12-21,149600.67776304705
2024-12-22,147079.02414242094
2024-12-23,144838.95598932786
2024-12-24,142815.11918997735
2024-12-25,140964.43009718304
2024-12-26,180251.76507528304
2024-12-27,184222.22623989778
2024-12-28,183593.50658938749
2024-12-29,181008.50930032658
2024-12-30,177593.3857639783
2024-12-31,173904.10651017787
2025-01-01,170224.78934944706
2025-01-02,162721.80744197068
2025-01-03,158871.25253029304
2025-01-04,155714.50040191598
2025-01-05,152992.870722511
2025-01-06,150583.32782199932
2025-01-07,148413.01407109026
2025-01-08,146433.87679724203
2025-01-09,209627.99741500488
2025-01-10,216753.1245884956
2025-01-11,216533.72136047372
2025-01-12,213167.62421089364
2025-01-13,208445.95184439057
2025-01-14,203254.6286054094
2025-01-15,198047.73515803862
2025-01-16,186748.31507302733
2025-01-17,181215.50452465075
2025-01-18,176759.27038927577
2025-01-19,172971.24392400286
2025-01-20,169657.94826750347
2025-01-21,166705.29242155695
2025-01-22,164038.36187038347
2025-01-23,214558.04132394146
2025-01-24,219498.0784010428
2025-01-25,218529.2126479189
2025-01-26,215059.7310314399
2025-01-27,210539.93854620645
2025-01-28,205684.52323971357
2025-01-29,200857.6868588073
2025-01-30,191105.26100588418
2025-01-31,186082.20901559232
2025-02-01,181965.3126190615
2025-02-02,178419.11534028966
2025-02-03,175283.57574572085
2025-02-04,172463.63313565863
2025-02-05,169896.40391812415
2025-02-06,237470.56873054174
2025-02-07,244768.27103673446
2025-02-08,244194.36872152062
2025-02-09,240260.48366014412
2025-02-10,234890.19790124608
2025-02-11,229033.9648384496
2025-02-12,223178.13877808952
2025-02-13,210784.41039925447
2025-02-14,204607.33046273162
2025-02-15,199600.86657749186
2025-02-16,195324.64354085724
2025-02-17,191569.5705107279
2025-02-18,188212.06384135876
2025-02-19,185170.77842933603
2025-02-20,218513.7910324423
2025-02-21,220846.11518430832
2025-02-22,219219.371850669
2025-02-23,215949.21064185648
2025-02-24,212017.39874450618
2025-02-25,207905.25114509463
2025-02-26,203856.03942231945
2025-02-27,196485.62308634253
2025-02-28,241362.4350930606
2025-03-01,244545.4637565693
2025-03-02,242528.32131446004
2025-03-03,238373.52254159725
2025-03-04,233372.6570795069
2025-03-05,228155.84157404167
2025-03-06,223039.33992633206
2025-03-07,213425.76192430832
2025-03-08,229456.17647497958
2025-03-09,228022.70081322166
2025-03-10,224718.017963751
2025-03-11,220764.30067275852
2025-03-12,216658.30426657398
2025-03-13,212631.10294578059
2025-03-14,208789.86880687613
2025-03-15,203120.83436230506
2025-03-16,199471.39100601358
2025-03-17,196292.53289503985
2025-03-18,193436.31432214496
2025-03-19,190827.605173924
2025-03-20,271138.9650574984
2025-03-21,280113.00529850577
2025-03-22,279741.8701017383
2025-03-23,275366.8485367298
2025-03-24,269267.2290965186
2025-03-25,262570.5891146872
2025-03-26,255855.0073739844
2025-03-27,241389.0616761444
2025-03-28,234261.34034239268
2025-03-29,228504.88516939434
2025-03-30,223600.25045882317
2025-03-31,219301.3605764022
2025-04-01,215463.11294401635
2025-04-02,211990.22566688253
2025-04-03,208815.83369422425
2025-04-04,205890.7996498608
2025-04-05,203177.75173821114
2025-04-06,200647.49345220852
2025-04-07,198276.71523542286
2025-04-08,196046.4702277556
2025-04-09,193941.1223501783
2025-04-10,191947.59883083653
2025-04-11,190054.84583012035
2025-04-12,188253.42354033876
2025-04-13,186535.199470739
2025-04-14,184893.1123531866
2025-04-15,183320.98780879658
2025-04-16,181813.39259085138
2025-04-17,180365.51800930325
2025-04-18,178973.08572780387
2025-04-19,177632.2709221242
2025-04-20,176339.6390606138
2025-04-21,175092.09348099987
2025-04-22,173886.8316035215
2025-04-23,172721.30811170937
2025-04-24,171593.20379906002
2025-04-25,170500.3990569034
2025-04-26,169440.95119007037
2025-04-27,168413.0749096481
2025-04-28,167415.12547845743
2025-04-29,166445.58408381263
2025-04-30,165503.0450901772
2025-05-01,164586.20488635433
2025-05-02,163693.85209147225
2025-05-03,162824.85892397774
2025-05-04,161978.17357020828
2025-05-05,161152.813415472
2025-05-06,160347.85902215008
2025-05-07,159562.44875710376
2025-05-08,158795.77398536162
2025-05-09,158047.0747592745
2025-05-10,157315.6359425151
2025-05-11,156600.7837168381
2025-05-12,155901.88242670227
2025-05-13,155218.33172292513
2025-05-14,154549.56397168327
2025-05-15,241742.54060735463
2025-05-16,253011.85003186128
2025-05-17,254217.77518975516
2025-05-18,251052.10071184006
2025-05-19,245950.74127836543
2025-05-20,240123.58085964952
2025-05-21,234194.75988062448
2025-05-22,219962.14403282097
2025-05-23,285583.3510568928
2025-05-24,290253.52590729017
2025-05-25,287500.80794644705
2025-05-26,281742.1024254478
2025-05-27,274827.74905493273
2025-05-28,267653.8754058664
2025-05-29,348776.12857427506
2025-05-30,347135.6051786138
2025-05-31,341915.8075503356
2025-06-01,333599.8867794742
2025-06-02,324160.5599861639
2025-06-03,314583.0380338118
2025-06-04,305355.9172033032
2025-06-05,288160.6629926352
2025-06-06,279011.0733859843
2025-06-07,271508.87951961055
2025-06-08,265068.7714040881
2025-06-09,259403.8670942566
2025-06-10,254340.04633236182
2025-06-11,249760.10691906884
2025-06-12,245580.0277321393
2025-06-13,241736.91572484616
2025-06-14,238182.16930329395
2025-06-15,234877.29279001895
2025-06-16,231791.1856267358
2025-06-17,228898.30878065515
2025-06-18,226177.4007203889
2025-06-19,223610.55230071052
2025-06-20,221182.5241721257
2025-06-21,218880.23282109285
2025-06-22,216692.35674957925
2025-06-23,214609.03006412997
2025-06-24,212621.60083902214
2025-06-25,210722.4382628041
2025-06-26,208904.77705771945
2025-06-27,207162.59074700018
2025-06-28,205490.4875104558
2025-06-29,203883.62391446857
2025-06-30,202337.63292279583
2025-07-01,200848.56341787984
2025-07-02,199412.82907511306
2025-07-03,198027.16489385886
2025-07-04,196688.59004011127
2025-07-05,195394.37592549366
2025-07-06,194142.01865654977
2025-07-07,192929.2151519497
2025-07-08,191753.8423542605
2025-07-09,190613.9390654022
2025-07-10,189507.69001685292
2025-07-11,188433.411851624
2025-07-12,187389.54074843525
2025-07-13,186374.62146202353
2025-07-14,185387.29758914106
2025-07-15,184426.30289912224
2025-07-16,183490.45359215172
2025-07-17,333605.332294788
2025-07-18,353192.25442890555
2025-07-19,355477.5266931462
2025-07-20,350246.2892624042
2025-07-21,341686.232536127
2025-07-22,331877.2783763007
2025-07-23,321892.35511825315
2025-07-24,297630.3435036497
2025-07-25,286651.8305028252
2025-07-26,278073.16663158365
2025-07-27,270955.12894259015
2025-07-28,264856.419955587
2025-07-29,259519.11361124594
2025-07-30,254775.42253143308
2025-07-31,325117.81831032486
2025-08-01,331358.6028312376
2025-08-02,329369.6158155283
2025-08-03,323935.92770634394
2025-08-04,317087.7394709535
2025-08-05,309821.59606909973
2025-08-06,302642.30505070987
2025-08-07,288562.9064485707
2025-08-08,281181.2820390648
2025-08-09,275106.10678816744
2025-08-10,269860.91576663865
2025-08-11,265217.00371340814
2025-08-12,261037.7124217493
2025-08-13,257232.12188410768
2025-08-14,347424.2741867459
2025-08-15,356890.78380259115
2025-08-16,355834.64238128555
2025-08-17,350297.35663254675
2025-08-18,342853.6971552725
2025-08-19,334775.08422079706
2025-08-20,326711.46132047137
2025-08-21,309902.1269863666
2025-08-22,301432.99790074263
2025-08-23,294542.8936423862
2025-08-24,288640.9105664224
2025-08-25,283446.1024564891
2025-08-26,278792.1686823126
2025-08-27,274569.47470403597
2025-08-28,410490.4933976674
2025-08-29,425871.05316480866
2025-08-30,425470.3668702396
2025-08-31,418312.2382511185
2025-09-01,408246.22204938845
2025-09-02,397175.9224845655
2025-09-03,386076.6662148199
2025-09-04,361881.67822645436
2025-09-05,350088.41261222656
2025-09-06,340612.3390922082
2025-09-07,332574.95027409587
2025-09-08,325559.8460056509
2025-09-09,319321.37166470056
2025-09-10,313698.154750191
2025-09-11,308576.91788497893
2025-09-12,303874.40181469044
2025-09-13,299527.2792543574
2025-09-14,295486.0788763031
2025-09-15,291711.3110939594
2025-09-16,288170.88637283305
2025-09-17,284838.332796074
2025-09-18,281691.5289534599
2025-09-19,278711.78073544975
2025-09-20,275883.1343858723
2025-09-21,273191.8559362468
2025-09-22,270626.03035789414
2025-09-23,268175.2484943763
2025-09-24,265830.35943964566
2025-09-25,495006.5672746176
2025-09-26,524225.7532911403
2025-09-27,526983.4812539882
2025-09-28,518269.4969586985
2025-09-29,504496.8749401417
2025-09-30,488849.3066539656
2025-10-01,472967.7982927868
2025-10-02,457683.5403225868
2025-10-03,443385.48103967635
2025-10-04,430218.8243732718
2025-10-05,418196.4826694849
2025-10-06,407262.79234078765
2025-10-07,397330.03481880703
2025-10-08,388299.12274018
2025-10-09,377894.7673796083
2025-10-10,370081.1368785009
2025-10-11,363142.0772981553
2025-10-12,356861.40079568536
2025-10-13,351112.8748554455
2025-10-14,345809.2831656199
2025-10-15,340885.6842049748
2025-10-16,336291.5788579548
2025-10-17,331986.54243020917
2025-10-18,327937.52072404936
2025-10-19,324117.03728644794
2025-10-20,320501.9457223003
2025-10-21,317072.5293806086
2025-10-22,313811.8331713155
2025-10-23,310705.1563185669
2025-10-24,307739.66002595774
2025-10-25,304904.05919754383
2025-10-26,302188.3769008492
2025-10-27,299583.7464776584
2025-10-28,297082.2503840911
2025-10-29,294676.78771645203
2025-10-30,292360.9644021606
2025-10-31,290129.00148541207
2025-11-01,287975.65799451066
2025-11-02,285896.1656600295
2025-11-03,283886.1733393285
2025-11-04,281941.699447799
2025-11-05,280059.0910383309
2025-11-06,374760.7206093961
2025-11-07,386078.6899002412
2025-11-08,386377.12277031934
2025-11-09,381907.9356430475
2025-11-10,375345.70252929366
2025-11-11,368018.0005105905
2025-11-12,360608.93475727865
2025-11-13,344104.533175618
2025-11-14,336118.18734881456
2025-11-15,329692.50900858326
2025-11-16,324225.98162466683
2025-11-17,319435.4079463361
2025-11-18,315154.86224685644
2025-11-19,311276.09641014074
2025-11-20,307723.63973274035
2025-11-21,304442.38661408226
2025-11-22,301390.68868869037
2025-11-23,298536.2055964041
2025-11-24,295853.2679038852
2025-11-25,293321.1259902591
2025-11-26,290922.7455753997
2025-11-27,288643.9548356141
2025-11-28,286472.8255271672
2025-11-29,284399.21440913074
2025-11-30,282414.41721111373
2025-12-01,280510.9033226064
2025-12-02,278682.10947301064
2025-12-03,276922.27724216116
2025-12-04,275226.3236228953
2025-12-05,273589.73684190406
2025-12-06,272008.49171699776
2025-12-07,270478.98029187886
2025-12-08,268997.95453852904
2025-12-09,267562.47868011537
2025-12-10,266169.8892491476
2025-12-11,264817.76141430886
2025-12-12,263503.88042481046
2025-12-13,262226.2172611478
2025-12-14,260982.90776549059
2025-12-15,259772.2346677803
2025-12-16,258592.61203516932
2025-12-17,257442.57176024406
2025-12-18,256320.75177307063
2025-12-19,255225.88571764383
2025-12-20,254156.79387791536
2025-12-21,253112.37517461105
2025-12-22,252091.6000833173
2025-12-23,251093.5043482231
2025-12-24,250117.1833855359
2025-12-25,249161.78728677685
2025-12-26,248226.5163455805
2025-12-27,247310.61704279418
2025-12-28,246413.37843400496
2025-12-29,245534.1288914589
2025-12-30,244672.23315893594
2025-12-31,306271.5143055866
2026-01-01,313908.5766942369
2026-01-02,314398.52764154744
2026-01-03,311787.0562920841
2026-01-04,307805.49864901573
2026-01-05,303313.7026723649
2026-01-06,298755.1614957007
2026-01-07,288299.41610224964
2026-01-08,356429.97854691744
2026-01-09,362379.267564034
2026-01-10,360554.34661075345
2026-01-11,355508.53263432963
2026-01-12,349162.0921248729
2026-01-13,342452.50019844284
2026-01-14,444171.82430864085
2026-01-15,445505.3565384969
2026-01-16,440974.6024424465
2026-01-17,432311.1528476515
2026-01-18,422048.70937934576
2026-01-19,411453.2944705995
2026-01-20,401159.7597857057
2026-01-21,380965.0933441081
2026-01-22,370573.4443429746
2026-01-23,362132.10305725865
2026-01-24,354931.8228035757
2026-01-25,348628.20535983576
2026-01-26,343013.96935224795
2026-01-27,337950.655458275
2026-01-28,333339.6988982666
2026-01-29,329107.7973204385
2026-01-30,325198.6446641735
2026-01-31,321567.89120236924
2026-02-01,318179.8928100229
2026-02-02,315005.5211499508
2026-02-03,312020.63638239057
2026-02-04,309204.9911386949
2026-02-05,306541.42495741404
2026-02-06,304015.26002240565
2026-02-07,301613.8398511829
2026-02-08,299326.1716553136
2026-02-09,297142.6452828552
2026-02-10,295054.80965742643
2026-02-11,293055.1930131219
2026-02-12,291137.1569241701
2026-02-13,289294.7767186518
2026-02-14,287522.7427102951
2026-02-15,285816.2780162429
2026-02-16,284171.06970667833
2026-02-17,282583.2107583753
2026-02-18,281049.1508297525
2026-02-19,386258.03731370595
2026-02-20,399287.17385586724
2026-02-21,400122.94776076864
2026-02-22,395676.2033673836
2026-02-23,388903.64179861045
2026-02-24,381273.07913135714
2026-02-25,373541.07071121584
2026-02-26,355744.62227592256
2026-02-27,347352.6375864665
2026-02-28,340675.28931517503
2026-03-01,335048.0456129881
2026-03-02,330158.2079672251
2026-03-03,325822.6883697308
2026-03-04,321922.1390830787
2026-03-05,502584.44728469744
2026-03-06,524301.7134463285
2026-03-07,525134.306585849
2026-03-08,516983.0345903192
2026-03-09,504928.6539962649
2026-03-10,491486.3910293512
2026-03-11,477947.25794690684
2026-03-12,447097.2061180398
2026-03-13,533381.9484917326
2026-03-14,535504.9563595648
2026-03-15,527914.5609159941
2026-03-16,516599.2880914037
2026-03-17,504034.8621083603
2026-03-18,491400.3962384345
2026-03-19,479265.7399767063
2026-03-20,458108.2545699743
2026-03-21,446249.1567452537
2026-03-22,436358.2688272145
2026-03-23,427758.36269827705
2026-03-24,420114.2837606685
2026-03-25,413220.58710832935
2026-03-26,406937.62856185064
2026-03-27,401164.351559369
2026-03-28,395824.42969291296
2026-03-29,390858.3773894749
2026-03-30,386218.6988947374
2026-03-31,381866.73144173925
2026-04-01,377770.4991462344
2026-04-02,373903.20229172695
2026-04-03,370242.1231327094
2026-04-04,366767.81428036455
2026-04-05,363463.4843929284
2026-04-06,360314.5250361336
2026-04-07,357308.14069988206
2026-04-08,354433.0555904515
2026-04-09,351679.2784951889
2026-04-10,349037.9122077495
2026-04-11,346500.99758750154
2026-04-12,344061.38485077827
2026-04-13,341712.6264989299
2026-04-14,339448.88760217885
2026-04-15,337264.8701270588
2026-04-16,449409.2242745431
2026-04-17,462860.72780833964
2026-04-18,463273.1203552972
2026-04-19,458045.9632131717
2026-04-20,450344.5351038303
2026-04-21,441739.7898340053
2026-04-22,433041.0817580791
2026-04-23,413578.6012388207
2026-04-24,404200.27551648894
2026-04-25,396670.66087482625
2026-04-26,390277.523623875
2026-04-27,384685.43797546206
2026-04-28,379697.8111164938
2026-04-29,375186.3416893636
2026-04-30,492072.7612538184
2026-05-01,504675.60202966846
2026-05-02,503669.61387563864
2026-05-03,496857.55515764933
2026-05-04,487565.0520047487
2026-05-05,477434.65973409486
2026-05-06,467306.4429344592
2026-05-07,445865.51422505954
2026-05-08,435181.3579138183
2026-05-09,426521.8287344956
2026-05-10,419124.5062305678
2026-05-11,412627.30540192546
2026-05-12,406816.1950002926
2026-05-13,401550.30289989227
2026-05-14,439255.9429954197
2026-05-15,440574.84468013037
2026-05-16,437333.4273413724
2026-05-17,432243.7023719889
2026-05-18,426450.28180046665
2026-05-19,420510.7406675775
2026-05-20,414704.01630404557
2026-05-21,405040.2114689341
2026-05-22,399263.3348518297
2026-05-23,394294.84509980713
2026-05-24,389858.2494426207
2026-05-25,385818.85179682204
2026-05-26,382094.9083187992
2026-05-27,378631.1586830805
2026-05-28,474615.4803783639
2026-05-29,485015.1014074674
2026-05-30,484199.18795048277
2026-05-31,478578.44849042763
2026-06-01,470889.33200324397
2026-06-02,462485.99123096035
2026-06-03,454062.9338331162
2026-06-04,436346.54332681146
2026-06-05,427437.086893886
2026-06-06,420177.1491910229
2026-06-07,413943.84931956505
2026-06-08,408442.14612239506
2026-06-09,403498.0588778199
2026-06-10,398997.3228085801
2026-06-11,509761.05386735447
2026-06-12,521505.5926029231
2026-06-13,520329.54194071284
2026-06-14,513643.06084689725
2026-06-15,504604.77003848285
2026-06-16,494774.8842819953
2026-06-17,484951.4269614187
2026-06-18,464391.0222862263
2026-06-19,454048.9709986746
2026-06-20,445634.0490939007
2026-06-21,438422.3085641505
2026-06-22,432069.8847605143
2026-06-23,426373.46424981195
2026-06-24,421199.18026715936
2026-06-25,449731.7036356937
2026-06-26,449855.7560139457
2026-06-27,446468.1542888103
2026-06-28,441683.82733671344
2026-06-29,436392.5687572373
2026-06-30,431025.85998902854
2026-07-01,425797.9543897426
2026-07-02,417583.10670706665
