date,platform,extraction_run,official_dau,model_dau,interval_id,model_dau_scaled
2023-08-11,TOTAL,1,133067.7,50986.51543007585,1,99769.65368723677
2023-08-14,TOTAL,1,133067.7,49755.02351375482,1,97359.88865478458
2023-08-16,TOTAL,1,128077.7,48995.10163113069,1,95872.88483780988
2023-08-19,TOTAL,1,128077.7,47934.33388313761,1,93797.19031412741
2023-08-22,TOTAL,1,128077.7,46956.538479666146,1,91883.8548379051
2023-08-24,TOTAL,1,128077.7,46345.270989891826,1,90687.73572188731
2023-08-27,TOTAL,1,128077.7,45482.47181346352,1,88999.42314928291
2023-08-30,TOTAL,1,131404.3,44677.78869860139,1,87424.83122001361
2023-09-01,TOTAL,1,136394.4,44170.37881406165,1,86431.93911842575
2023-09-04,TOTAL,1,139721.0,43448.69070365644,1,85019.75057724037
2023-09-07,TOTAL,1,143047.7,42770.040454808855,1,83691.7778822807
2023-09-09,TOTAL,1,136394.4,42339.43265618786,1,82849.17095805662
2023-09-12,TOTAL,1,148037.7,41723.533272539076,1,81643.98822112114
2023-09-15,TOTAL,1,158017.8,59641.514926130236,1,116705.62774039182
2023-09-17,TOTAL,1,154691.1,62164.39848146697,1,121642.36869015075
2023-09-20,TOTAL,1,158017.8,59043.131787562124,1,115534.72053083566
2023-09-23,TOTAL,1,161344.4,53278.44777603412,1,104254.47275168978
2023-09-25,TOTAL,1,176314.5,51209.152395475954,1,100205.30638380922
2023-09-28,TOTAL,1,182967.8,49012.45063181185,1,95906.8331038402
2023-10-01,TOTAL,1,182967.8,47372.08664825631,1,92696.99330247549
2023-10-03,TOTAL,1,184631.2,46465.2490406956,1,90922.5069840101
2023-10-06,TOTAL,1,186294.5,45295.36529394872,1,88633.29589981012
2023-10-09,TOTAL,1,184631.2,44292.226825515376,1,86670.36949168568
2023-10-11,TOTAL,1,186294.5,43693.745034701715,1,85499.26924088536
2023-10-14,TOTAL,1,186294.5,42879.190705653935,1,83905.36146678009
2023-10-17,TOTAL,1,189621.2,42145.74916755658,1,82470.17399341449
2023-10-19,TOTAL,1,187957.8,41694.08834624408,1,81586.37082808069
2023-10-22,TOTAL,1,186294.5,41063.8425279717,1,80353.11520163767
2023-10-25,TOTAL,1,186294.5,40482.25557916591,1,79215.07452594281
2023-10-27,TOTAL,1,186294.5,41307.12230242617,1,80829.16143938692
2023-10-30,TOTAL,1,187957.8,40729.40036709297,1,79698.68376446595
2023-11-02,TOTAL,1,187957.8,39957.625659449965,1,78188.4865161031
2023-11-04,TOTAL,1,184631.2,39526.8393220931,1,77345.53022994092
2023-11-10,TOTAL,1,167997.8,38488.643824776824,1,75314.00475005309
2023-11-12,TOTAL,1,161344.4,38187.29974254155,1,74724.33914000481
2023-11-15,TOTAL,1,163007.8,37763.30221630269,1,73894.66709828409
2023-11-18,TOTAL,1,161344.4,55821.16660185629,1,109230.02706318627
2023-11-20,TOTAL,1,158017.8,54289.68373218697,1,106233.24420313003
2023-11-23,TOTAL,1,159681.1,49525.4862196119,1,96910.73349774406
2023-11-25,TOTAL,1,163007.8,56203.98725346289,1,109979.12481016786
2023-11-28,TOTAL,1,163007.8,53676.78077939752,1,105033.92483745287
2023-12-01,TOTAL,1,163007.8,70865.70206532818,1,138668.94989238871
2023-12-03,TOTAL,1,169661.1,68998.99317211678,1,135016.20174438079
2023-12-06,TOTAL,1,171324.5,64011.506806679536,1,125256.76273874979
2023-12-09,TOTAL,1,172987.8,57571.55708057616,1,112655.16507087808
2023-12-11,TOTAL,1,172987.8,55361.16715898273,1,108329.90700742844
2023-12-14,TOTAL,1,176314.5,75364.9897711165,1,147473.08903504818
2023-12-17,TOTAL,1,169661.1,76300.70265416549,1,149304.07806234335
2023-12-19,TOTAL,1,169661.1,72727.24921009551,1,142311.59760795205
2023-12-22,TOTAL,1,166334.4,78724.54396456815,1,154047.0146229588
2023-12-25,TOTAL,1,166334.4,76364.01469791147,1,149427.966126187
2023-12-27,TOTAL,1,166334.4,72830.92446351101,1,142514.46779905946
2023-12-30,TOTAL,1,158017.8,88545.08376847325,1,173263.7005837997
2024-01-02,TOTAL,1,158017.8,87625.45882288789,1,171464.19219282083
2024-01-04,TOTAL,1,159681.1,83280.92853280064,1,162962.88005529766
2024-01-07,TOTAL,1,177977.8,74674.97881839161,1,146122.8858840175
2024-01-10,TOTAL,1,182967.8,69883.06512996418,1,136746.1405786986
2024-01-12,TOTAL,1,176314.5,95260.22187526675,1,186403.78277465983
2024-01-15,TOTAL,1,179641.1,90905.52968796919,1,177882.58598808924
2024-01-18,TOTAL,1,186294.5,81796.33320937306,1,160057.84604709616
2024-01-20,TOTAL,1,179641.1,77513.74242141584,1,151677.73620443366
2024-01-23,TOTAL,1,176314.5,73061.05073832377,1,142964.77546469885
2024-01-26,TOTAL,1,182967.8,69736.69221122088,1,136459.72023227904
2024-01-28,TOTAL,1,186294.5,67901.03172001363,1,132867.72713468724
2024-01-31,TOTAL,1,187957.8,65542.54600194452,1,128252.67742334242
2024-02-03,TOTAL,1,182967.8,84909.01926536753,1,166148.70374200097
2024-02-05,TOTAL,1,179641.1,82239.193897085,1,160924.42924212365
2024-02-08,TOTAL,1,189621.2,75537.87357547125,1,147811.3854874163
2024-02-11,TOTAL,1,181304.5,71122.21136160976,1,139170.8834613275
2024-02-13,TOTAL,1,182967.8,69027.8702187314,1,135072.7079189242
2024-02-16,TOTAL,1,184631.2,66500.24384236174,1,130126.68628763674
2024-02-19,TOTAL,1,186294.5,64438.568504533076,1,126092.43070582954
2024-02-21,TOTAL,1,181304.5,63244.05030046902,1,123755.01528260822
2024-02-24,TOTAL,1,182967.8,116552.15802217473,1,228067.52617405076
2024-02-27,TOTAL,1,181304.5,108513.43448217705,1,212337.47172910802
2024-02-29,TOTAL,1,182967.8,97390.67427471081,1,190572.620285848
2024-03-03,TOTAL,1,179641.1,88534.59354448199,1,173243.17346979943
2024-03-06,TOTAL,1,179641.1,83041.32483443197,1,162494.02710845906
2024-03-08,TOTAL,1,182967.8,80239.69751130274,1,157011.8445072056
2024-03-11,TOTAL,1,189621.2,76818.92759389935,1,150318.13290278922
2024-03-13,TOTAL,1,184631.2,74906.98444712948,1,146576.8710414149
2024-03-16,TOTAL,1,187957.8,72435.76477798993,1,141741.22521436735
2024-03-19,TOTAL,1,182967.8,70324.5623610378,1,137610.0557820919
2024-03-21,TOTAL,1,189621.2,69072.84206713375,1,135160.70816179097
2024-03-24,TOTAL,1,189621.2,67382.83783963502,1,131853.73307072493
2024-03-27,TOTAL,1,191284.5,65877.88829594666,1,128908.87022759792
2024-03-29,TOTAL,1,209581.2,81114.6524561859,1,158723.94330639977
2024-04-01,TOTAL,1,207917.9,79002.64224112476,1,154591.1931868209
2024-04-04,TOTAL,1,201264.5,73920.60996261341,1,144646.74814723403
2024-04-06,TOTAL,1,196274.5,80618.18246029837,1,157752.45821592063
2024-04-09,TOTAL,1,197937.9,77590.36759732635,1,151827.67520692933
2024-04-12,TOTAL,1,197937.9,110805.33228023433,1,216822.22319074316
2024-04-14,TOTAL,1,196274.5,108471.76284023674,1,212255.92928107263
2024-04-17,TOTAL,1,199601.2,100493.19762048604,1,196643.59174082163
2024-04-20,TOTAL,1,201264.5,89586.33449853619,1,175301.2044976028
2024-04-22,TOTAL,1,194611.2,85954.62945929737,1,168194.7381897422
2024-04-25,TOTAL,1,192947.8,81860.90200015958,1,160184.19329482305
2024-04-28,TOTAL,1,196274.5,78707.95573475293,1,154014.55502202339
2024-04-30,TOTAL,1,199601.2,76946.17863381038,1,150567.1358416285
2024-05-03,TOTAL,1,202927.9,140192.48609623546,1,274326.5679051203
2024-05-06,TOTAL,1,199601.2,134814.9484040562,1,263803.8822751408
2024-05-08,TOTAL,1,204591.2,126702.06814729779,1,247928.7190717863
2024-05-11,TOTAL,1,226214.6,109254.424748288,1,213787.43044097352
2024-05-14,TOTAL,1,201264.5,101572.84875968297,1,198756.23700304655
2024-05-16,TOTAL,1,194611.2,97785.33036940442,1,191344.8774515125
2024-05-19,TOTAL,1,196274.5,93245.65443136501,1,182461.7072177745
2024-05-22,TOTAL,1,202927.9,89609.66715806891,1,175346.8614981165
2024-05-24,TOTAL,1,202927.9,87538.83098795227,1,171294.68013618587
2024-05-27,TOTAL,1,206254.5,84827.79384394262,1,165989.76304762703
2024-05-30,TOTAL,1,217897.9,82485.41284431721,1,161406.22680937027
2024-06-01,TOTAL,1,239521.3,81086.80912884738,1,158669.4598983333
2024-06-04,TOTAL,1,246174.7,79188.43225968668,1,154954.74432684516
2024-06-07,TOTAL,1,252828.0,77489.41241496973,1,151630.12761034048
2024-06-09,TOTAL,1,242848.0,76450.08870305156,1,149596.39445693023
2024-06-12,TOTAL,1,242848.0,75010.82371383891,1,146780.06217129205
2024-06-15,TOTAL,1,244511.3,121749.11790856619,1,238236.8598442997
2024-06-17,TOTAL,1,246174.7,117597.99983314643,1,230114.01384656838
2024-06-23,TOTAL,1,246174.7,97188.86191336974,1,190177.71686420872
2024-06-25,TOTAL,1,239521.3,93760.47036459326,1,183469.09136508487
2024-06-28,TOTAL,1,231204.6,100081.07008625018,1,195837.14672258782
2024-07-01,TOTAL,1,222887.9,96469.97852513002,2,188771.01656156604
2024-07-02,TOTAL,1,229541.3,95039.28749961728,2,185971.46168034256
2024-07-03,TOTAL,1,226214.6,93650.02135980003,2,183252.96639821137
2024-07-05,TOTAL,1,222887.9,90091.04443405347,2,176288.81337917317
2024-07-06,TOTAL,1,226214.6,88910.0582621376,2,173977.8772348302
2024-07-08,TOTAL,1,212907.9,86880.93479214463,2,170007.31866297644
2024-07-09,TOTAL,1,211244.6,85985.2248137587,2,168254.606723477
2024-07-11,TOTAL,1,211244.6,84367.29993982508,2,165088.67543747454
2024-07-12,TOTAL,1,209581.2,83629.18844879759,2,163644.3498697982
2024-07-14,TOTAL,1,229541.3,82267.14834561656,2,160979.13009048492
2024-07-15,TOTAL,1,217897.9,81635.22941329767,2,159742.60053940534
2024-07-17,TOTAL,1,207917.9,80454.34104102463,2,157431.85576794625
2024-07-18,TOTAL,1,241184.6,79900.59752158378,2,156348.29869996166
2024-07-19,TOTAL,1,227877.9,79368.67293588948,2,155307.43659642705
2024-07-21,TOTAL,1,216234.6,78363.78735011857,2,153341.09145512877
2024-07-22,TOTAL,1,221224.6,77888.04490715491,2,152410.16573136757
2024-07-24,TOTAL,1,227877.9,76984.10891795256,2,150641.3572564713
2024-07-25,TOTAL,1,232868.0,88107.17699937345,2,172406.8111428984
2024-07-27,TOTAL,1,229541.3,89093.5932406334,2,174337.01574605348
2024-07-28,TOTAL,1,234531.3,88365.7432859799,2,172912.76979985542
2024-07-30,TOTAL,1,237858.0,86333.72638871608,2,168936.54941263053
2024-07-31,TOTAL,1,242848.0,85269.72950761,2,166854.53616938708
2024-08-02,TOTAL,1,227877.9,81997.80043711032,2,160452.07411644206
2024-08-03,TOTAL,1,226214.6,81064.82736116365,2,158626.44630286124
2024-08-05,TOTAL,1,229541.3,79521.21084459644,2,155605.9205033483
2024-08-06,TOTAL,1,222887.9,78856.44443938548,2,154305.11550674553
2024-08-07,TOTAL,1,236194.6,78243.24039664876,2,153105.2069727458
2024-08-09,TOTAL,1,252828.0,140302.39270131176,2,274541.63151230954
2024-08-10,TOTAL,1,279441.4,140958.64664367575,2,275825.77944845025
2024-08-12,TOTAL,1,257818.0,135561.79047423997,2,265265.2917100233
2024-08-13,TOTAL,1,241184.6,131811.90786778726,2,257927.5772995011
2024-08-15,TOTAL,1,241184.6,118957.86612904423,2,232774.97995217986
2024-08-16,TOTAL,1,242848.0,114808.10058305765,2,224654.7805638905
2024-08-18,TOTAL,1,242848.0,108837.00626439098,2,212970.63217127864
2024-08-19,TOTAL,1,237858.0,106505.56360221542,2,208408.49990876095
2024-08-21,TOTAL,1,234531.3,102638.27605467594,2,200841.04925887048
2024-08-22,TOTAL,1,239521.3,127300.41244600923,2,249099.55028008964
2024-08-24,TOTAL,1,241184.6,128553.96354897364,2,251552.4804002806
2024-08-25,TOTAL,1,227877.9,126527.76819569632,2,247587.65152358662
2024-08-26,TOTAL,1,229541.3,124009.7398945198,2,242660.41126282443
2024-08-28,TOTAL,1,222887.9,118727.27284820331,2,232323.75845610307
2024-08-29,TOTAL,1,224551.3,113676.34668002972,2,222440.18138973965
2024-08-31,TOTAL,1,219561.3,108770.74366566178,2,212840.9705054075
2024-09-01,TOTAL,1,219561.3,106846.59674081109,2,209075.82847292264
2024-09-04,TOTAL,1,222887.9,102188.824107314,2,199961.56838517063
2024-09-06,TOTAL,1,217897.9,136481.36411545504,2,267064.6997093748
2024-09-07,TOTAL,1,214571.2,136037.7452702824,2,266196.63296312495
2024-09-09,TOTAL,1,222887.9,131402.29934226966,2,257126.0614399936
2024-09-10,TOTAL,1,226214.6,128539.89634704505,2,251524.95390915003
2024-09-12,TOTAL,1,214571.2,119809.0899370511,2,234440.64201633184
2024-09-13,TOTAL,1,232868.0,116819.11080776244,2,228589.8954072543
2024-09-14,TOTAL,1,234531.3,114377.2929970266,2,223811.7826986393
2024-09-16,TOTAL,1,237858.0,110427.45059317791,2,216082.78993600208
2024-09-17,TOTAL,1,226214.6,108764.52870227004,2,212828.80915764638
2024-09-19,TOTAL,1,226214.6,105864.20892466998,2,207153.50663201598
2024-09-20,TOTAL,1,226214.6,104580.20822029651,2,204640.9931854912
2024-09-22,TOTAL,1,224551.3,102267.46456263294,2,200115.45085638476
2024-09-23,TOTAL,1,224551.3,101217.31796346161,2,198060.53963846006
2024-09-25,TOTAL,1,222887.9,99290.16026653087,2,194289.50617202994
2024-09-26,TOTAL,1,232868.0,98401.28480546245,2,192550.1679141821
2024-09-28,TOTAL,1,222887.9,96749.78840380283,2,189318.54436294598
2024-09-29,TOTAL,1,222887.9,95979.81525937896,2,187811.87238664675
2024-10-01,TOTAL,1,222887.9,94536.48766008433,2,184987.59044613366
2024-10-02,TOTAL,1,229541.3,93858.22367814629,2,183660.37359250715
2024-10-03,TOTAL,1,224551.3,116733.8827545612,2,228423.12242266024
2024-10-05,TOTAL,1,222887.9,119181.72994378227,2,233213.03332925655
2024-10-08,TOTAL,1,226214.6,114197.44186094418,2,223459.85267536071
2024-10-09,TOTAL,1,219561.3,112236.65929238943,2,219623.02256115212
2024-10-11,TOTAL,1,217897.9,148856.4675408738,2,291280.11770143214
2024-10-14,TOTAL,1,219561.3,142153.5635342924,2,278163.9750155772
2024-10-15,TOTAL,1,219561.3,138737.45268608318,2,271479.3802083392
2024-10-17,TOTAL,1,221224.6,128521.89041718387,2,251489.72017388858
2024-10-18,TOTAL,1,229541.3,125055.66238868407,2,244707.05681501108
2024-10-19,TOTAL,1,232868.0,149724.32224698598,2,292978.32285919384
2024-10-21,TOTAL,1,231204.6,149523.14012093138,2,292584.65267257247
2024-10-22,TOTAL,1,229541.3,146849.4925900416,2,287352.8990218561
2024-10-24,TOTAL,1,226214.6,194782.7948816981,2,381148.07073314406
2024-10-25,TOTAL,1,227877.9,199036.34700913096,2,389471.3581575727
2024-10-28,TOTAL,1,231204.6,184557.3493136793,2,361139.07120623905
2024-10-30,TOTAL,1,247838.0,173779.2134674022,2,340048.57557800197
2024-10-31,TOTAL,1,256154.7,163536.24905959528,2,320005.29544643266
2024-11-02,TOTAL,1,247838.0,153871.0873167748,2,301092.65096036694
2024-11-03,TOTAL,1,251164.7,150159.40618124983,2,293829.6886189488
2024-11-05,TOTAL,1,249501.3,143997.1530524909,2,281771.4835150419
2024-11-06,TOTAL,1,246174.7,141372.39593589242,2,276635.3978985365
2024-11-07,TOTAL,1,246174.7,138978.90116726543,2,271951.8429986999
2024-11-09,TOTAL,1,252828.0,134746.20578472776,2,263669.3677419137
2024-11-10,TOTAL,1,282768.1,132856.10343954657,2,259970.8436356571
2024-11-12,TOTAL,1,266134.7,129436.98483259985,2,253280.36329093756
2024-11-13,TOTAL,1,267798.0,127880.92091967011,2,250235.4806116904
2024-11-15,TOTAL,1,279441.4,150731.35462782998,2,294948.86881710356
2024-11-16,TOTAL,1,266134.7,149886.581980236,2,293295.8302875243
2024-11-18,TOTAL,1,264471.4,145625.31641508426,2,284957.44932309876
2024-11-19,TOTAL,1,264471.4,143137.99398691775,2,280090.2938571207
2024-11-21,TOTAL,1,264471.4,136109.2694066717,2,266336.5903274917
2024-11-22,TOTAL,1,291084.8,133578.31753140705,2,261384.06140951696
2024-11-24,TOTAL,1,294411.5,194647.2087137186,2,380882.757739895
2024-11-25,TOTAL,1,277778.1,194148.5517889483,2,379906.99329956365
2024-11-26,TOTAL,1,279441.4,190933.85726046102,2,373616.52694562566
2024-11-28,TOTAL,1,284431.4,181813.86694365132,2,355770.665782846
2024-11-29,TOTAL,1,277778.1,177072.03831536463,2,346491.92617693596
2024-12-01,TOTAL,1,279441.4,161982.3316993375,2,316964.61310947
2024-12-02,TOTAL,1,286094.8,157947.7652496236,2,309069.83359628415
2024-12-04,TOTAL,1,281104.7,151503.91794871556,2,296460.60921210906
2024-12-05,TOTAL,1,266134.7,148820.66999921645,2,291210.0696053055
2024-12-07,TOTAL,1,262808.0,144181.44180066767,2,282132.09699154564
2024-12-08,TOTAL,1,259481.4,142143.60856321242,2,278144.4952764984
2024-12-10,TOTAL,1,261144.7,138496.82170587734,2,271008.51709170826
2024-12-11,TOTAL,1,274451.4,136850.6751059051,2,267787.3619527012
2024-12-13,TOTAL,1,287758.1,175773.75105503233,2,343951.4570105827
2024-12-14,TOTAL,1,304391.5,175164.4256659215,2,342759.1381682056
2024-12-15,TOTAL,1,304391.5,172783.31863955085,2,338099.8234178371
2024-12-17,TOTAL,1,286094.8,166260.63166410773,2,325336.3267332541
2024-12-18,TOTAL,1,271124.7,162879.4639573436,2,318720.10814453807
2024-12-20,TOTAL,1,297738.1,152514.37172348017,2,298437.85010266345
2024-12-21,TOTAL,1,324351.5,149600.67776304705,2,292736.3771753425
2024-12-23,TOTAL,1,301064.8,144838.95598932786,2,283418.7109588609
2024-12-24,TOTAL,1,311044.8,142815.11918997735,2,279458.49726534815
2024-12-26,TOTAL,1,311044.8,180251.76507528304,2,352713.9681223631
2024-12-27,TOTAL,1,319361.5,184222.22623989778,2,360483.30736884486
2024-12-29,TOTAL,1,314371.5,181008.50930032658,2,354194.7539463317
2024-12-30,TOTAL,1,317698.2,177593.3857639783,2,347512.091096232
2025-01-01,TOTAL,1,321024.9,170224.78934944706,3,333093.3314254125
2025-01-02,TOTAL,1,332668.2,162721.80744197068,3,318411.60822436085
2025-01-03,TOTAL,1,327678.2,158871.25253029304,3,310876.8997470062
2025-01-05,TOTAL,1,327678.2,152992.870722511,3,299374.16981426376
2025-01-06,TOTAL,1,322688.2,150583.32782199932,3,294659.2121690746
2025-01-08,TOTAL,1,342648.2,146433.87679724203,3,286539.6282312403
2025-01-09,TOTAL,1,326014.9,209627.99741500488,3,410196.9418546885
2025-01-11,TOTAL,1,319361.5,216533.72136047372,3,423709.9595749124
2025-01-12,TOTAL,1,321024.9,213167.62421089364,3,417123.2308279406
2025-01-13,TOTAL,1,322688.2,208445.95184439057,3,407883.93269475765
2025-01-15,TOTAL,1,322688.2,198047.73515803862,3,387536.8572178125
2025-01-16,TOTAL,1,329341.5,186748.31507302733,3,365426.3203584297
2025-01-18,TOTAL,1,331004.9,176759.27038927577,3,345879.9065594519
2025-01-19,TOTAL,1,345974.9,172971.24392400286,3,338467.5528143393
2025-01-21,TOTAL,1,329341.5,166705.29242155695,3,326206.43227792217
2025-01-22,TOTAL,1,326014.9,164038.36187038347,3,320987.82231303066
2025-01-23,TOTAL,1,350964.9,214558.04132394146,3,419843.9783173398
2025-01-25,TOTAL,1,354291.6,218529.2126479189,3,427614.707193081
2025-01-26,TOTAL,1,369261.7,215059.7310314399,3,420825.67726172466
2025-01-28,TOTAL,1,349301.6,205684.52323971357,3,402480.4103468048
2025-01-29,TOTAL,1,375915.0,200857.6868588073,3,393035.32883719646
2025-01-31,TOTAL,1,372588.3,186082.20901559232,3,364122.8939503159
2025-02-01,TOTAL,1,354291.6,181965.3126190615,3,356067.01242392656
2025-02-03,TOTAL,1,352628.3,175283.57574572085,3,342992.28926900384
2025-02-04,TOTAL,1,357618.3,172463.63313565863,3,337474.26758718025
2025-02-05,TOTAL,1,352628.3,169896.40391812415,3,332450.7517063895
2025-02-07,TOTAL,1,360945.0,244768.27103673446,3,478958.9056826112
2025-02-08,TOTAL,1,372588.3,244194.36872152062,3,477835.90218342695
2025-02-10,TOTAL,1,407518.4,234890.19790124608,3,459629.639355783
2025-02-11,TOTAL,1,379241.7,229033.9648384496,3,448170.2497572089
2025-02-13,TOTAL,1,364271.6,210784.41039925447,3,412459.7935515501
2025-02-14,TOTAL,1,350964.9,204607.33046273162,3,400372.57557113224
2025-02-15,TOTAL,1,357618.3,199600.86657749186,3,390576.00163751945
2025-02-17,TOTAL,1,360945.0,191569.5705107279,3,374860.48116153
2025-02-18,TOTAL,1,354291.6,188212.06384135876,3,368290.56213823566
2025-02-20,TOTAL,1,350964.9,218513.7910324423,3,427584.5304057006
2025-02-21,TOTAL,1,362608.3,220846.11518430832,3,432148.38755411026
2025-02-23,TOTAL,1,349301.6,215949.21064185648,3,422566.19771001505
2025-02-24,TOTAL,1,345974.9,212017.39874450618,3,414872.4867738368
2025-02-26,TOTAL,1,379241.7,203856.03942231945,3,398902.4604575971
2025-02-27,TOTAL,1,362608.3,196485.62308634253,3,384480.13959160977
2025-02-28,TOTAL,1,357618.3,241362.4350930606,3,472294.4166554705
2025-03-02,TOTAL,1,360945.0,242528.32131446004,3,474575.8054416343
2025-03-03,TOTAL,1,402528.4,238373.52254159725,3,466445.75710998935
2025-03-06,TOTAL,1,402528.4,223039.33992633206,3,436440.05704994156
2025-03-08,TOTAL,1,385895.0,229456.17647497958,3,448996.4271965573
2025-03-09,TOTAL,1,382568.4,228022.70081322166,3,446191.4233806207
2025-03-10,TOTAL,1,382568.4,224718.017963751,3,439724.86922102125
2025-03-12,TOTAL,1,382568.4,216658.30426657398,3,423953.7415492663
2025-03-13,TOTAL,1,380905.0,212631.10294578059,3,416073.3740106106
2025-03-15,TOTAL,1,422488.5,203120.83436230506,3,397463.822150821
2025-03-16,TOTAL,1,419161.8,199471.39100601358,3,390322.6457684552
2025-03-18,TOTAL,1,395875.1,193436.31432214496,3,378513.2976369625
2025-03-19,TOTAL,1,394211.7,190827.605173924,3,373408.61444586125
2025-03-21,TOTAL,1,404191.7,280113.00529850577,3,548120.955044475
2025-03-22,TOTAL,1,395875.1,279741.8701017383,3,547394.7232214077
2025-03-23,TOTAL,1,392548.4,275366.8485367298,3,538833.746211443
2025-03-25,TOTAL,1,392548.4,262570.5891146872,3,513794.21644047636
2025-03-26,TOTAL,1,409181.8,255855.0073739844,3,500653.2661533928
2025-03-28,TOTAL,1,445775.2,234261.34034239268,3,458399.1002546858
2025-03-29,TOTAL,1,415835.1,228504.88516939434,3,447134.95454416395
2025-03-31,TOTAL,1,412508.4,219301.3605764022,3,429125.63475442305
2025-04-01,TOTAL,1,407518.4,215463.11294401635,3,421615.00897780637
2025-04-02,TOTAL,1,409181.8,211990.22566688253,3,414819.31490042555
2025-04-04,TOTAL,1,394211.7,205890.7996498608,3,402884.04895263305
2025-04-05,TOTAL,1,397538.4,203177.75173821114,3,397575.197223917
2025-04-07,TOTAL,1,400865.1,198276.71523542286,3,387984.9220214022
2025-04-08,TOTAL,1,410845.1,196046.4702277556,3,383620.81182136695
2025-04-11,TOTAL,1,430805.1,190054.84583012035,3,371896.49047613045
2025-04-12,TOTAL,1,460745.2,188253.42354033876,3,368371.4941809343
2025-04-14,TOTAL,1,490685.3,184893.1123531866,3,361796.08731902984
2025-04-15,TOTAL,1,505655.3,183320.98780879658,3,358719.7774354469
2025-04-17,TOTAL,1,502328.7,180365.51800930325,3,352936.55816871894
2025-04-18,TOTAL,1,507318.7,178973.08572780387,3,350211.8674277201
2025-04-20,TOTAL,1,510645.4,176339.6390606138,3,345058.77822809265
2025-04-21,TOTAL,1,508982.0,175092.09348099987,3,342617.5996265108
2025-04-23,TOTAL,1,492348.6,172721.30811170937,3,337978.4821409225
2025-04-24,TOTAL,1,490685.3,171593.20379906002,3,335771.0244308451
2025-04-25,TOTAL,1,487358.6,170500.3990569034,3,333632.6403943392
2025-04-27,TOTAL,1,484032.0,168413.0749096481,3,329548.19560441683
2025-04-28,TOTAL,1,487358.6,167415.12547845743,3,327595.4230270515
2025-04-30,TOTAL,1,497338.7,165503.0450901772,3,323853.89261353464
2025-05-01,TOTAL,1,494012.0,164586.20488635433,3,322059.83336374356
2025-05-03,TOTAL,1,479041.9,162824.85892397774,3,318613.2578288705
2025-05-05,TOTAL,1,450765.2,161152.813415472,3,315341.4240915425
2025-05-07,TOTAL,1,447438.5,159562.44875710376,3,312229.42222470726
2025-05-08,TOTAL,1,444111.9,158795.77398536162,3,310729.20445492544
2025-05-10,TOTAL,1,437458.5,157315.6359425151,3,307832.89238695084
2025-05-11,TOTAL,1,470725.3,156600.7837168381,3,306434.08020314603
2025-05-13,TOTAL,1,440785.2,155218.33172292513,3,303728.9187401885
2025-05-14,TOTAL,1,410845.1,154549.56397168327,3,302420.2839692931
2025-05-16,TOTAL,1,407518.4,253011.85003186128,3,495089.81822977524
2025-05-17,TOTAL,1,417498.4,254217.77518975516,3,497449.55461028556
2025-05-18,TOTAL,1,407518.4,251052.10071184006,3,491255.0099609015
2025-05-20,TOTAL,1,410845.1,240123.58085964952,3,469870.24515063607
2025-05-21,TOTAL,1,400865.1,234194.75988062448,3,458268.8165991561
2025-05-23,TOTAL,1,412508.4,285583.3510568928,3,558825.2461155565
2025-05-24,TOTAL,1,404191.7,290253.52590729017,3,567963.7746765442
2025-05-26,TOTAL,1,390885.0,281742.1024254478,3,551308.7480286962
2025-05-27,TOTAL,1,394211.7,274827.74905493273,3,537778.8443781214
2025-05-28,TOTAL,1,384231.7,267653.8754058664,3,523741.1153133668
2025-05-30,TOTAL,1,382568.4,347135.6051786138,3,679269.7798435944
2025-05-31,TOTAL,1,389221.7,341915.8075503356,3,669055.7576203072
2025-06-02,TOTAL,1,417498.4,324160.5599861639,3,634312.5537424514
2025-06-03,TOTAL,1,449101.9,314583.0380338118,3,615571.4014925287
2025-06-05,TOTAL,1,432468.5,288160.6629926352,3,563868.4917091026
2025-06-06,TOTAL,1,449101.9,279011.0733859843,3,545964.7110969953
2025-06-08,TOTAL,1,452428.5,265068.7714040881,3,518682.6223211045
2025-06-09,TOTAL,1,455755.2,259403.8670942566,3,507597.62197550654
2025-06-10,TOTAL,1,450765.2,254340.04633236182,3,497688.8129602808
2025-06-12,TOTAL,1,455755.2,245580.0277321393,3,480547.3390888892
2025-06-13,TOTAL,1,503992.0,241736.91572484616,3,473027.19477593375
2025-06-16,TOTAL,1,525615.4,231791.1856267358,3,453565.5383127452
2025-06-18,TOTAL,1,475715.3,226177.4007203889,3,442580.56765419955
2025-06-19,TOTAL,1,472388.6,223610.55230071052,3,437557.7969129797
2025-06-20,TOTAL,1,485695.3,221182.5241721257,3,432806.6676489295
2025-06-22,TOTAL,1,487358.6,216692.35674957925,3,424020.3749406242
2025-06-23,TOTAL,1,485695.3,214609.03006412997,3,419943.75232440117
2025-06-25,TOTAL,1,500665.3,210722.4382628041,3,412338.5273983376
2025-06-28,TOTAL,1,512308.7,205490.4875104558,3,402100.72412295325
2025-06-29,TOTAL,1,508982.0,203883.62391446857,3,398956.4373808217
2025-07-01,TOTAL,1,512308.7,200848.56341787984,4,393017.47622393013
2025-07-02,TOTAL,1,503992.0,199412.82907511306,4,390208.0526546501
2025-07-03,TOTAL,1,489022.0,198027.16489385886,4,387496.6056313654
2025-07-05,TOTAL,1,485695.3,195394.37592549366,4,382344.8034069987
2025-07-06,TOTAL,1,495675.3,194142.01865654977,4,379894.2093634308
2025-07-08,TOTAL,1,500665.3,191753.8423542605,4,375221.06155927794
2025-07-09,TOTAL,1,492348.6,190613.9390654022,4,372990.5157883612
2025-07-11,TOTAL,1,494012.0,188433.411851624,4,368723.6926266058
2025-07-12,TOTAL,1,500665.3,187389.54074843525,4,366681.06120571407
2025-07-14,TOTAL,1,505655.3,185387.29758914106,4,362763.1016253152
2025-07-15,TOTAL,1,494012.0,184426.30289912224,4,360882.641534844
2025-07-17,TOTAL,1,492348.6,333605.332294788,4,652793.9434675155
2025-07-18,TOTAL,1,490685.3,353192.25442890555,4,691121.3408516296
2025-07-19,TOTAL,1,487358.6,355477.5266931462,4,695593.1275674137
2025-07-21,TOTAL,1,490685.3,341686.232536127,4,668606.5286532041
2025-07-22,TOTAL,1,497338.7,331877.2783763007,4,649412.5133080689
2025-07-24,TOTAL,1,528942.1,297630.3435036497,4,582398.6214334685
2025-07-25,TOTAL,1,485695.3,286651.8305028252,4,560916.0307748612
2025-07-27,TOTAL,1,507318.7,270955.12894259015,4,530200.9590448802
2025-07-28,TOTAL,1,485695.3,264856.419955587,4,518267.09617074433
2025-07-30,TOTAL,1,523952.1,254775.42253143308,4,498540.7506194562
2025-07-31,TOTAL,1,495675.3,325117.81831032486,4,636185.7025678842
2025-08-02,TOTAL,1,502328.7,329369.6158155283,4,644505.5565736785
2025-08-07,TOTAL,1,567198.8,288562.9064485707,4,564655.5957101926
2025-08-09,TOTAL,1,558882.2,275106.10678816744,4,538323.5306429453
2025-08-10,TOTAL,1,558882.2,269860.91576663865,4,528059.8190061104
2025-08-12,TOTAL,1,535595.4,261037.7124217493,4,510794.7061678164
2025-08-13,TOTAL,1,555555.5,257232.12188410768,4,503347.98330759985
2025-08-15,TOTAL,1,577178.9,356890.78380259115,4,698358.5680214436
2025-08-16,TOTAL,1,565535.5,355834.64238128555,4,696291.9262248903
2025-08-18,TOTAL,1,535595.4,342853.6971552725,4,670891.006024559
2025-08-19,TOTAL,1,532268.8,334775.08422079706,4,655082.8966068599
2025-08-21,TOTAL,1,550565.5,309902.1269863666,4,606411.8645011287
2025-08-22,TOTAL,1,548902.1,301432.99790074263,4,589839.5988976083
2025-08-24,TOTAL,1,537258.8,288640.9105664224,4,564808.2330057322
2025-08-25,TOTAL,1,537258.8,283446.1024564891,4,554643.1098995949
2025-08-28,TOTAL,1,598802.3,410490.4933976674,4,803241.6811137883
2025-08-29,TOTAL,1,562208.8,425871.05316480866,4,833338.1312936009
2025-08-31,TOTAL,1,558882.2,418312.2382511185,4,818547.15489791
2025-09-01,TOTAL,1,583832.2,408246.22204938845,4,798850.1243794383
2025-09-03,TOTAL,1,578842.2,386076.6662148199,4,755469.0678518914
2025-09-04,TOTAL,1,553892.1,361881.67822645436,4,708124.6758650219
2025-09-06,TOTAL,1,577178.9,340612.3390922082,4,666505.1499633089
2025-09-07,TOTAL,1,610445.6,332574.95027409587,4,650777.7072822639
2025-09-10,TOTAL,1,588822.2,313698.154750191,4,613839.8750680265
2025-09-12,TOTAL,1,587158.9,303874.40181469044,4,594616.9016991557
2025-09-13,TOTAL,1,593812.3,299527.2792543574,4,586110.5170458407
2025-09-14,TOTAL,1,603792.3,295486.0788763031,4,578202.7563605248
2025-09-16,TOTAL,1,578842.2,288170.88637283305,4,563888.496667144
2025-09-17,TOTAL,1,578842.2,284838.332796074,4,557367.4054836644
2025-09-19,TOTAL,1,583832.2,278711.78073544975,4,545379.0596979324
2025-09-20,TOTAL,1,585495.6,275883.1343858723,4,539844.0066683124
2025-09-22,TOTAL,1,573852.2,270626.03035789414,4,529556.9838379628
2025-09-23,TOTAL,1,572188.9,268175.2484943763,4,524761.3304044297
2025-09-25,TOTAL,1,580505.5,495006.5672746176,4,968621.4751746764
2025-09-26,TOTAL,1,593812.3,524225.7532911403,4,1025797.1430017782
2025-09-28,TOTAL,1,590485.6,518269.4969586985,4,1014142.0293595231
2025-09-29,TOTAL,1,615435.6,504496.8749401417,4,987191.967807639
2025-10-01,TOTAL,1,696939.2,472967.7982927868,4,925496.3404118239
2025-10-14,TOTAL,1,705255.9,345809.2831656199,4,676674.4526909547
2025-10-15,TOTAL,1,665335.8,340885.6842049748,4,667040.0276070895
2025-10-17,TOTAL,1,652029.1,331986.54243020917,4,649626.319580707
2025-10-18,TOTAL,1,657019.1,327937.52072404936,4,641703.2542370931
2025-10-19,TOTAL,1,642049.0,324117.03728644794,4,634227.3891721416
2025-10-21,TOTAL,1,642049.0,317072.5293806086,4,620442.8010661654
2025-10-22,TOTAL,1,650365.7,313811.8331713155,4,614062.3193086582
2025-10-24,TOTAL,1,660345.8,307739.66002595774,4,602180.3813740661
2025-10-25,TOTAL,1,620425.7,304904.05919754383,4,596631.7199238817
2025-10-27,TOTAL,1,600465.6,299583.7464776584,4,586221.0112670265
2025-10-28,TOTAL,1,592148.9,297082.2503840911,4,581326.1209837818
2025-10-30,TOTAL,1,598802.3,292360.9644021606,4,572087.5789221732
2025-10-31,TOTAL,1,598802.3,290129.00148541207,4,567720.1071432447
2025-11-02,TOTAL,1,592148.9,285896.1656600295,4,559437.3570699923
2025-11-03,TOTAL,1,625415.7,283886.1733393285,4,555504.2340460162
2025-11-06,TOTAL,1,652029.1,374760.7206093961,4,733326.1941003981
2025-11-07,TOTAL,1,623752.3,386078.6899002412,4,755473.0277693707
2025-11-09,TOTAL,1,623752.3,381907.9356430475,4,747311.757983726
2025-11-10,TOTAL,1,630405.7,375345.70252929366,4,734470.8780049398
2025-11-12,TOTAL,1,648702.4,360608.93475727865,4,705634.1904085977
2025-11-13,TOTAL,1,648702.4,344104.533175618,4,673338.6233115364
2025-11-15,TOTAL,1,647039.1,329692.50900858326,4,645137.3891626939
2025-11-18,TOTAL,1,622089.0,315154.86224685644,4,616690.3385923523
2025-11-19,TOTAL,1,608782.3,311276.09641014074,4,609100.42739723
2025-11-21,TOTAL,1,605455.6,304442.38661408226,4,595728.3258915513
2025-11-22,TOTAL,1,600465.6,301390.68868869037,4,589756.8088618778
2025-11-24,TOTAL,1,593812.3,295853.2679038852,4,578921.2663785288
2025-11-25,TOTAL,1,588822.2,293321.1259902591,4,573966.4088112201
2025-11-26,TOTAL,1,593812.3,290922.7455753997,4,569273.2937516327
2025-11-28,TOTAL,1,605455.6,286472.8255271672,4,560565.7565056932
2025-11-29,TOTAL,1,558882.2,284399.21440913074,4,556508.1451670203
2025-12-01,TOTAL,1,563872.2,280510.9033226064,4,548899.555969298
2025-12-02,TOTAL,1,558882.2,278682.10947301064,4,545320.9994136976
2025-12-04,TOTAL,1,553892.1,275226.3236228953,4,538558.7691538929
2025-12-05,TOTAL,1,538922.1,273589.73684190406,4,535356.3205262251
2025-12-07,TOTAL,1,542248.8,270478.98029187886,4,529269.2384598511
2025-12-08,TOTAL,1,540585.4,268997.95453852904,4,526371.1893331907
2025-12-10,TOTAL,1,538922.1,266169.8892491476,4,520837.27331350435
2025-12-11,TOTAL,1,530605.4,264817.76141430886,4,518191.44971318904
2025-12-13,TOTAL,1,512308.7,262226.2172611478,4,513120.35472866014
2025-12-14,TOTAL,1,532268.8,260982.90776549059,4,510687.4652330465
2025-12-15,TOTAL,1,548902.1,259772.2346677803,4,508318.4381546485
2025-12-21,TOTAL,1,637059.0,253112.37517461105,4,495286.5243312691
2025-12-23,TOTAL,1,608782.3,251093.5043482231,4,491336.0279796558
2025-12-24,TOTAL,1,597138.9,250117.1833855359,4,489425.57766719075
2025-12-26,TOTAL,1,640385.7,248226.5163455805,4,485725.9485746139
2025-12-27,TOTAL,1,675315.8,247310.61704279418,4,483933.7304659516
2025-12-29,TOTAL,1,643712.4,245534.1288914589,4,480457.52492134506
2025-12-30,TOTAL,1,650365.7,244672.23315893594,4,478770.98019431316
2026-01-01,TOTAL,1,681969.2,313908.5766942369,4,614251.6255928186
2026-01-03,TOTAL,1,675315.8,311787.0562920841,4,610100.2660808419
2026-01-05,TOTAL,1,635395.7,303313.7026723649,4,593519.73397195
2026-01-06,TOTAL,1,630405.7,298755.1614957007,4,584599.6485203658
2026-01-08,TOTAL,1,635395.7,356429.97854691744,4,697456.8711632051
2026-01-09,TOTAL,1,613772.3,362379.267564034,4,709098.3512666458
2026-01-11,TOTAL,1,602128.9,355508.53263432963,4,695653.7995311285
2026-01-12,TOTAL,1,613772.3,349162.0921248729,4,683235.1793050903
2026-01-14,TOTAL,1,610445.6,444171.82430864085,4,869148.8075837573
2026-01-15,TOTAL,1,612109.0,445505.3565384969,4,871758.2435813197
2026-01-17,TOTAL,1,633732.4,432311.1528476515,4,845940.022394586
2026-01-18,TOTAL,1,620425.7,422048.70937934576,4,825858.6259276734
2026-01-19,TOTAL,1,617099.0,411453.2944705995,4,805125.6759074287
2026-01-21,TOTAL,1,620425.7,380965.0933441081,4,745466.8182216458
2026-01-22,TOTAL,1,653692.4,370573.4443429746,4,725132.5942932767
2026-01-24,TOTAL,1,655355.7,354931.8228035757,4,694525.3023273678
2026-01-25,TOTAL,1,613772.3,348628.20535983576,4,682190.4776382544
