D1,D7,D30,D180,lam,k,p,c,tau,h,base,rmse
0.613264261504564,0.16044659477029963,0.143009195522978,0.06755276069945486,1.37327281699476,1.5,0.16615298038362014,1.0,199.99999999999991,1.8142427442344002,0.0,0.1378108179362252
0.559591927154898,0.15237399828373682,0.13514862614230122,0.06383969063852298,1.3019182814447054,1.1584123454474669,0.15741663625947977,0.9974822575358675,199.99999999999991,1.8268215417050206,0.0,0.1407681319746816
0.6967863194630965,0.16217356666668148,0.14307537809891965,0.06758606793477147,1.8061159371238258,1.34894125782712,0.16622886770555928,1.0,200.008068382752,1.889543813339344,104.60019535070353,0.1422013890567906
0.5691116213129981,0.15503479380383858,0.13804272151943317,0.06520676449512251,1.2978705499984844,1.2709593694332968,0.16038276082068192,1.0,199.99999999999991,1.8330340298701615,0.0,0.1468861525207983
0.6037341507030355,0.15118067627842863,0.1347512215556009,0.06365197000385989,1.3567240518377808,1.5,0.1565585834527627,1.0,199.99999999999991,1.8437216968518593,0.0,0.13604568971138162
0.5506560094518208,0.1638934868793727,0.14079600506171158,0.06650732266869062,1.3168653949894016,0.957065860333153,0.16358161775063065,1.0,199.99999999999991,1.8763819918460305,0.0,0.15480246137680492
0.589996311084733,0.16526099344177567,0.14729937724165423,0.0695793497243924,1.3049693736627463,1.446206101939218,0.17113766293450994,0.9999986709466069,200.00019421824354,1.8550616693141384,0.0,0.14997258687242787
0.5755574120317367,0.16115477887521665,0.14277683646861378,0.0674430020539466,1.3457957597148908,1.1579991350684642,0.16588301767765168,1.0,199.99999999999991,1.8833146206664635,0.0,0.1454923064455991
0.4926021070601583,0.1518589668696418,0.13448215789680995,0.06352487333085292,1.0877123620863134,1.0256995906933195,0.15624597608041707,1.0,199.99999999999991,1.8748251479656477,0.0,0.1428538611227767
0.6077865154782015,0.16438700543359389,0.1462300650937655,0.06907419175543618,1.4182394311896394,1.2877735891928035,0.1698950969423226,1.0,199.99999999999991,1.8930995725132638,0.0,0.13620719923188088
0.6031272318082667,0.15179556268754574,0.13529588489192493,0.06390925074644369,1.3598455679166916,1.4784480781271254,0.15719139196766257,1.0,199.99999999999991,1.8278756202921844,0.0,0.14850121821793774
0.5852146068522233,0.16359245907604283,0.1457678133900468,0.06885583951165192,1.3165703244976692,1.3502145033867081,0.1693801424800221,0.999869492400256,199.99999999999991,1.874563455658464,0.0,0.14063293592393997
0.6112399643364151,0.1489016867546739,0.1290299807572015,0.06094944720969704,1.55961711761608,1.1136133520711038,0.14991144998026718,1.0,199.99999999999991,1.8470183588117353,0.0,0.13755049590636784
0.5865823651245656,0.15501355323857163,0.133351533999519,0.06299080437200925,1.470724762775025,1.0381143161845134,0.15493237840767282,1.0,199.99999999999991,1.8321756421140274,0.0,0.131273575468119
0.6062286171584947,0.15455929028259183,0.1377612988393145,0.06507382983385172,1.36185839936406,1.4916634399714837,0.1600557943142397,1.0,199.99999999999991,1.8282002040879681,0.0,0.13577740044531028
0.4113161924942692,0.17931577110991487,0.13513148555619484,0.0635929147509267,0.7191907074661523,0.5372047205203514,0.15641332339792713,1.0,199.99999999999991,1.8834056580083187,0.0,0.13791220418615457
0.5984243127961333,0.16903332838270013,0.15066718702276297,0.07117013974512827,1.3128669080523214,1.4986846222031458,0.17505202328122627,0.9999901392591672,199.99999999999991,1.8921497353243693,0.0,0.14899748227158705
0.5860153800254975,0.16878402872998297,0.15027241596988622,0.07110357974376921,1.3358223669278693,1.2657439810770352,0.17528592644075325,0.9957029203977696,200.4511300000617,1.8308518787454275,0.0,0.1365975866604858
0.6169558119114597,0.1494302746440349,0.1331419076345139,0.0628917839346779,1.4301308637601993,1.4190084586330647,0.15468882743194448,1.0,199.99999999999991,1.8931630723076318,0.0,0.13878766647092797
0.5679747125555998,0.14843140615275666,0.12936120467375908,0.061105906307840865,1.3852961347376302,1.0578579909233072,0.15029627726483052,1.0,199.99999999999991,1.8697229962033743,0.0,0.14167562929834673
0.5200764258792836,0.15175636911688584,0.12924578375979948,0.061051379574267664,1.2288375118581372,0.9056632019207611,0.15016216314129266,1.0,199.99999999999991,1.8813875078548574,0.0,0.1385373249952549
0.5791312568357814,0.1525324128722946,0.1359381634443452,0.06421264165214995,1.304541321224267,1.3908906686388107,0.1579376131832344,1.0,199.99999999999991,1.8411137315866766,0.0,0.13143155599635648
0.5912599933991709,0.1565850166802065,0.13956710736024483,0.06592814910287044,1.3190525994994062,1.4610890736850202,0.16215319726610267,1.0,200.0053220411836,1.8718683043121276,0.0,0.14918801994919553
0.5863753909528638,0.17396270077219675,0.1530558691154668,0.07229847327076687,1.3891411133446534,1.0974794815142435,0.17782554978867582,1.0,199.99999999999991,1.8872599506070546,0.0,0.13232597693874082
0.5817465437684974,0.15525837151063449,0.1383898568621721,0.06537073962030666,1.2831562998530865,1.4997909007307322,0.16078607454873722,1.0,199.99999999999991,1.819112402517729,0.0,0.1354224860310556
0.6004079076978139,0.15315635993925752,0.13604079559414448,0.06426112164695102,1.424356601993546,1.2536311081173064,0.15805685472927603,1.0,199.99999999999991,1.8286577303513853,0.0,0.1404701243520177
0.5833461135435682,0.15648572747682435,0.13915166514778857,0.06573059237403286,1.3550243064854066,1.2439931631165164,0.16167116950136057,1.0,199.99999999999991,1.8352799335776002,0.0,0.1374507910351024
0.5293229847933258,0.147268156785156,0.1311877512252714,0.061968705808127265,1.1862259500478878,1.2456874454709053,0.15242644371626107,0.9999473705741218,199.99999999999991,1.8441756206736688,0.0,0.14822116858625198
0.6330850416653553,0.16028411103223947,0.14225166142905,0.0671949269309223,1.5315454001525886,1.2889079339581544,0.16527285133326045,1.0,199.99999999999991,1.8665072827826266,178.34837933070088,0.14293447161903042
0.4896762938879802,0.16086416473209683,0.1271914661946763,0.060076005830113514,1.13402265446952,0.7402584899175696,0.14781009580137205,0.9996822615161223,199.99999999999991,1.9185949733341876,0.0,0.1451519042507381
0.5578100820358156,0.1802292806961946,0.12499966633860082,0.05900454103533468,1.5560372079954436,0.7422037888890073,0.1504208904155017,0.9646374200508473,200.04002700918247,1.874917914436983,54.752199996804954,0.13186022358378727
0.5692325773283948,0.14971211310958846,0.13320523225149275,0.06292169636570384,1.315070607772227,1.2465786649045523,0.15476240014035816,1.0,199.99999999999991,1.8818975939873779,0.0,0.13618462682543103
0.5433154159794595,0.1534240218116948,0.13628109038688369,0.06437462886983887,1.2402928625668743,1.1536391356546853,0.15843705235469796,0.9993624287667124,199.99999999999991,1.856758739054115,0.0,0.14161445947460283
0.5858991823164256,0.15719442792322144,0.14011003596734187,0.06618329469431283,1.3035888801461764,1.451774139571325,0.16278463753674915,1.0,199.99999999999991,1.8007191453908358,0.0,0.13051810366331182
0.5391290714243256,0.154205300771776,0.13265384337008818,0.06267176386509135,1.287647036349797,0.9571801673584766,0.1541576443752487,0.9997337437388227,200.04480053096597,1.9202682706702618,0.0,0.13996681978627842
0.5154883329094104,0.15537329811988063,0.1362061138916688,0.06433921246932099,1.1728882259391014,0.983289132542075,0.15824892715893,1.0,199.99999999999991,1.8835952887988692,0.0,0.1460045491114324
0.5555981289318226,0.15479477443786738,0.13795849903972032,0.06516698061271727,1.2346908397858516,1.3559633581922483,0.16028490825974406,1.0,199.99999999999991,1.8796263852306225,0.0,0.14241794576769004
0.6209580247847644,0.16450115785802288,0.14658285468087817,0.06924083775654351,1.4188642885873968,1.419996898370881,0.17030497996510807,1.0,199.99999999999991,1.8501193328809022,0.0,0.1433797549398664
0.285190908317696,0.16446685433340616,0.1307286619375765,0.06592133606456739,0.19217254909741577,0.3628422208177101,0.14765382020929763,1.0,223.18939797908888,1.82878520771773,0.0,0.15378295936329886
0.5309630291105927,0.18115312638066866,0.14841700170672975,0.07010645604949695,1.2565840846072094,0.811613941571738,0.17514961551840363,0.9844957803713388,199.99999999999991,1.817747470083604,0.0,0.1450683071669089
0.5734493579715295,0.16227932397590225,0.14462446609578694,0.06831576049167662,1.2755918302251237,1.3678384105770376,0.1680296570463809,1.0,199.99999999999991,1.8843715389004945,0.0,0.13757969608149453
0.5726809887895045,0.1542330308484718,0.13747653288152015,0.06493931592003041,1.2586573150252074,1.4982402946347082,0.15972676517120568,0.9999885949114863,199.99999999999991,1.82911609488342,0.0,0.1336793400634771
0.5059711209631215,0.1597850647441339,0.1315956214755256,0.062160983449722096,1.1819375081008996,0.8126910772951781,0.15289134828551218,1.0,199.99999999999991,1.8409242322188244,0.0,0.14131927014264184
0.6038731912960139,0.15550967487420975,0.13821361225727943,0.06528748756385433,1.427149793771644,1.2693857187423032,0.16058130753167682,1.0,199.99999999999991,1.8734724773571108,0.0,0.14498800853025248
0.6473798701095758,0.13576267949118603,0.12096983003343616,0.05714210159856069,1.5332271853745834,1.5,0.14054689086986644,1.0,199.99999999999991,1.8713468728880347,0.0,0.14006515960185614
0.58112385501283,0.16196460316506844,0.14346594842333552,0.06776851549245114,1.3643561559547794,1.1642593742094407,0.16668365154372083,1.0,199.99999999999991,1.8812201108034525,0.0,0.13347307097971975
0.5327274266274746,0.15824434915342386,0.12890444719884753,0.060889868291842585,1.309972538172433,0.8467381948526069,0.14976490948855298,1.0,199.99999999999991,1.8612855475903323,0.0,0.1501484519278492
0.6038872777418772,0.16883579733131546,0.15043697245305138,0.07106139408244284,1.3651835234091836,1.3744094989702909,0.17478282596832656,1.0,199.99999999999991,1.867012307079103,0.0,0.14371470678005752
0.5766156906688075,0.16253019956420894,0.1424913040348924,0.06730812608212913,1.3858121398130698,1.0790141860409603,0.16786960012178656,0.9861897341605892,199.99999999999991,1.8878197408697521,0.0,0.1450713486666558
0.6297724311240562,0.15399016621857683,0.13723582662804637,0.0648256143368538,1.4473612883828113,1.478190523907874,0.15944528270558622,1.0,199.99999999999991,1.8273920758226039,0.0,0.1379977648100689
0.5879995120223518,0.16243918786896452,0.13522217955212165,0.06387442688400721,1.5173085308958547,0.9635182811797414,0.1571057390872713,1.0,199.99999999999991,1.851430266861675,0.0,0.13651332949761816
0.6018186579270448,0.15013620235198744,0.13338848985591337,0.06300826112856758,1.4310995842324423,1.2650659928181647,0.1549753151004144,1.0,199.99999999999991,1.8605916113389103,0.0,0.14119308692235977
0.418665908644248,0.1700944718538024,0.1395082631104141,0.06588807720749057,0.7726213905640724,0.6424543846315414,0.16205851968768514,1.0,199.99999999999991,1.8290233649160985,0.0,0.1427886695612174
0.5914387215769819,0.14801311600517386,0.1318348238015161,0.06227436125034121,1.3678014286014832,1.341561502342481,0.1531702126766511,1.0,199.99999999999991,1.8781172189223323,0.0,0.14730910284225823
0.5055074764210649,0.16036992286024127,0.13845182317837018,0.06540000815014158,1.1446360964930289,0.9010164327221155,0.16264078803072213,0.9890388841782589,199.99999999999991,1.8434003663373568,0.0,0.1377165845552667
0.5457728609666889,0.14557756139133632,0.12651795594871448,0.059762850693981434,1.3133206651842797,1.0140357674372273,0.14699289349852507,1.0,199.99999999999991,1.8470368479004042,0.0,0.13829274693951027
0.5785707150353285,0.1620097838989296,0.14429999973961172,0.06942915608791145,1.3409878937083728,1.2004535529201408,0.16703643756092826,1.0,205.03355514920662,1.8303319191938137,0.0,0.14234301408907704
0.527852108935561,0.16115479203060218,0.13097883913063516,0.061869571375767735,1.285056063867408,0.8307212758805499,0.15217459024178534,1.0,199.99999999999991,1.8402208475507982,0.0,0.1360125783247731
0.527820218701254,0.16446856530210438,0.13910010097088643,0.06570621126594126,1.2417044899083018,0.8825773137123988,0.161611201652045,1.0,199.99999999999991,1.8646251874519741,0.0,0.13533178630816278
0.6429743146095145,0.15052877354889643,0.1341462658669216,0.06336620917063739,1.4933580676606735,1.498841077053874,0.1558557252183218,1.0,199.99999999999991,1.8554717075024625,0.0,0.12934585468791324
0.5766143659375773,0.15107318704708103,0.13392617835237133,0.06326224719008794,1.3626125959961566,1.1829591265530506,0.15612625251084727,0.9966294425513713,199.99999999999991,1.856982118505988,0.0,0.13856446965310165
0.5732425147374075,0.15031214243973834,0.13296727336626446,0.06280929254739429,1.361092569235781,1.1531723153752935,0.15448593135913807,1.0,199.99999999999991,1.878645894756644,0.0,0.1322232348071758
0.5723745500329207,0.1528547480969284,0.1334124946145687,0.06301960017210588,1.3915435559960003,1.0643597964307823,0.15500320464717873,1.0,199.99999999999991,1.8238703238330147,0.0,0.142709718420721
0.5496557061582301,0.16479489704569983,0.14140598148161185,0.06679545478880286,1.3128381316587376,0.9508595299638205,0.16429030840968295,1.0,199.99999999999991,1.82607559360332,0.0,0.14494255460972913
0.5823749897125252,0.15124823836239634,0.13425567985416487,0.06341789267861314,1.3730437168798872,1.211894667402612,0.15598284613533447,1.0,199.99999999999991,1.850966606843793,0.0,0.13736309238182373
0.5359563935919132,0.15701651357370536,0.13375740024125995,0.06318251801328403,1.2815528857463325,0.923769783795545,0.1554039178762035,1.0,199.99999999999991,1.8626853966328945,0.0,0.14684171054441542
0.5807676884580634,0.16318713566179605,0.1454577243159217,0.06870936380466477,1.2684325369954668,1.4992706826204003,0.16899776497956825,1.0,199.99999999999991,1.8580834948792346,0.0,0.13941086320750584
0.605299974890914,0.15268956428501487,0.13609598840636283,0.0642871928853947,1.3594167045141878,1.5,0.15812097962846378,1.0,199.99999999999991,1.8689211905718517,0.0,0.13216395177104573
0.6071172565842606,0.17143658289102223,0.15280771768527837,0.0721812548352171,1.337358581163903,1.4954955098503582,0.1775372389599127,1.0,199.99999999999991,1.8397920388794975,0.0,0.13448292746617102
0.5413935108043243,0.14281086452972622,0.12219950558686993,0.05772295868269776,1.3229128032357873,0.9673166040452994,0.14197556876114753,1.0,199.99999999999991,1.8311925403477503,0.0,0.14264698680698298
0.45980762996497904,0.15628399084793396,0.13625913685300592,0.06436425722088591,0.9728984737327331,0.8644417800235393,0.1583105273077972,1.0,199.99999999999991,1.8207621259666915,0.0,0.1410848966166965
0.594542516096958,0.14473933975909498,0.1290106584266826,0.060940321901415566,1.3424037088551835,1.4999989912483942,0.15281206014363674,0.9808715330114368,200.00000837346008,1.8559944179979713,0.0,0.14511621835002841
0.4506550683656508,0.16327892152129364,0.13283142993575492,0.0627401840215808,0.93768605582615,0.6997006463186382,0.15431595181403973,1.0,199.99999999999991,1.8264390690693189,0.0,0.1364559396994931
0.5637146445883877,0.149134068618957,0.1329318689882106,0.06279256870338122,1.243527341435299,1.5,0.15664265871188288,0.9859689474783977,199.99999999999991,1.839512536784215,0.0,0.1468593990374992
0.6025775345952142,0.14420992228041185,0.12852213803879334,0.060709559296289635,1.3797286565077314,1.4455954962391906,0.14932142092212136,1.0,199.99999999999991,1.8376431137298441,0.0,0.14490421393765718
0.5765219236290023,0.15273173992502093,0.13557563166670009,0.06404139376608466,1.3519175495267495,1.1999389624019905,0.1576701525908466,0.9990249185503335,199.99999999999991,1.8407847807924007,0.0,0.1415243136900938
0.6045183601862228,0.15756650790452756,0.1404439357863548,0.06634101780078083,1.349409084497023,1.5,0.16317257378011918,1.0,199.99999999999991,1.8568387934902444,0.0,0.1454289570543681
0.6818252494341537,0.1556491255963759,0.13848989661315336,0.06541799505261477,1.6767801462676843,1.454961052831143,0.16406702017661096,0.9807108338035091,199.99999999999991,1.8737224792987073,0.0,0.14697998208330543
0.6601542253176929,0.15710041634955427,0.1399768835697145,0.0661203979552564,1.563813748397558,1.5,0.1690012366316116,0.9623002752115037,199.99999999999991,1.9563843730440018,0.0,0.14579136858095204
0.5596107495442062,0.1649420420902541,0.13804432277190415,0.06520750120144239,1.3853901414815823,0.9178300199000147,0.1603845728258383,1.0,199.99999999999991,1.8280995438609282,0.0,0.15014395257566976
0.6537773583267255,0.1502551892723043,0.13304694107227996,0.0628469249070498,1.6338298573495125,1.312042240327684,0.15471496190431605,0.9991179270924455,199.99999999999991,1.8743089467438852,162.5733550527489,0.13353985171364255
0.598660765743057,0.13961547601341795,0.12414755469647357,0.05864315244319977,1.4265417255800732,1.2944065723989917,0.1442388801973455,1.0,199.99999999999991,1.8388894731366068,0.0,0.12494013419959123
0.574564949925009,0.14862169196277844,0.13201036537870323,0.062357281220019815,1.3473503316577806,1.213828600832679,0.15337416289204964,1.0,199.99999999999991,1.8600354956892478,0.0,0.1393058525804683
0.6041548638248312,0.1513234146194188,0.1348783650980959,0.06371202836073153,1.3578487286520757,1.5,0.15670630317417517,1.0,199.99999999999991,1.822999319145745,0.0,0.14401449045196013
0.5618276279553832,0.16403987718252233,0.1462188778402766,0.06906890727107098,1.2133130961432055,1.4996829288543174,0.16988209920813713,1.0,199.99999999999991,1.8508407083437701,0.0,0.13315411972832325
0.5270907212209924,0.17394977593099015,0.13590488164116846,0.0641915991646908,1.2897142395592738,0.7683647683896764,0.15788585701561342,1.0,199.99999999999991,1.865190220020434,0.0,0.13885442628007097
0.5513136192995163,0.15824214066697542,0.1391099747462129,0.06571089922236562,1.2905727519259702,1.0550347921811214,0.16162273216425133,1.0,199.99999999999991,1.8312212409636452,0.0,0.12611218918294675
0.5421750748585783,0.1549677501651211,0.12651439585067223,0.05976102730349302,1.355908423513126,0.8714536714146792,0.1475094204472744,0.9964679424264045,199.99999999999991,1.899998331036854,0.0,0.13446506615989282
0.561441654172923,0.1555904786730516,0.13623758732047853,0.0643540794752036,1.3401812168259692,1.0554040415817223,0.15828549409285242,1.0,199.99999999999991,1.884617580457192,0.0,0.14811755277031685
0.5513699714176544,0.1642439418232032,0.13716896071642104,0.06479399679030567,1.3541738822717817,0.9014260212675489,0.15936751608972932,1.0,199.99999999999991,1.8838734751530772,0.0,0.14159047485650736
0.6295507462727126,0.15255950503953133,0.13527841362727921,0.06390099790539097,1.5360566064637464,1.2798928254647444,0.15717113556079781,0.9999997308242112,199.99999999999991,1.8275051496377945,0.0,0.15083964232103977
0.5663540440210958,0.15011455887790848,0.12835235319053243,0.06062935831354043,1.4088297076663612,0.9957332054248118,0.14912415833543358,1.0,199.99999999999991,1.8533690992012346,0.0,0.13486540312479095
0.6802255827629475,0.1600600982784857,0.1425728529244666,0.06734664705038196,1.6273472199340693,1.5,0.16564602261110856,1.0,199.99999999999991,1.8621765945228588,0.0,0.14864637268663836
0.5882934954303094,0.1533476852085176,0.13668368800843356,0.06456480252047211,1.3109765282694097,1.4768996288391807,0.15880378915058735,1.0,199.99999999999991,1.8293767298690797,0.0,0.13389246771384578
0.5597852340537348,0.1586154349784557,0.14138354077350498,0.06678485576949923,1.216752680411252,1.4933816283133439,0.16426613903077794,0.9999884333925384,199.99999999999991,1.827408223894975,0.0,0.14655739174080515
0.5611976708219929,0.14961551229081002,0.1332382073011249,0.06293727267622505,1.2797562861608194,1.273928771559836,0.15480071168217646,1.0,199.99999999999991,1.8652407755691283,0.0,0.14668075437179157
0.5024801726590308,0.15347969537691647,0.13588348425125388,0.06418788527988314,1.1174626404608154,1.036700539866302,0.15787355756781085,1.0,200.00445476605776,1.8312503640784206,0.0,0.13315387340122645
0.5279636672062821,0.15253728365931074,0.13118895436713793,0.06196927322308759,1.247851163414208,0.9405966078689485,0.15241981721564135,1.0,199.99999999999991,1.7946567773142421,0.0,0.15255335658616875
0.567380195851279,0.15958747441734356,0.14022524011033877,0.06623771327801219,1.3469926909707455,1.0779398715717483,0.16291848565452083,1.0,199.99999999999991,1.9053926208337755,0.0,0.1337537135763188
0.5341532742976651,0.15644369389692292,0.12938550088945228,0.061117297284190804,1.3054757265864305,0.8714586566930721,0.15032429454569995,1.0,199.99999999999991,1.8810736353146411,0.0,0.12967519165637198
